-- ============================================================================
-- 0021_enrich_seed_spaces.sql
-- Enriches 25 pre-built seed spaces with polished metadata, themed channel
-- trees grouped by sidebar category, additional roles, channel overrides,
-- and full onboarding flows (welcome message + questions/answers/mappings +
-- welcome checklist). Scoped to id LIKE 'seed%' — never touches user spaces.
--
-- Idempotent: safe to re-run. Pulls admin_pk dynamically from the current
-- creator_pubkey on seed00000001 so it works after admin swaps.
--
-- Source of truth: repo-root spaces.json (gitignored). Regenerate with:
--   node scripts/gen-enrich-migration.mjs
-- Generated 2026-04-23T22:29:32.093Z
-- ============================================================================

DO $$
DECLARE
  admin_pk TEXT;
BEGIN
  SELECT creator_pubkey INTO admin_pk FROM app.spaces WHERE id = 'seed00000001';
  IF admin_pk IS NULL THEN
    RAISE EXCEPTION 'Migration 0021: seed00000001 not found — migration 0015 must run first';
  END IF;

  -- ── 1. Space metadata ────────────────────────────────────────────────
  UPDATE app.spaces SET
    about = 'The best of Nostr, hand-picked. Protocol milestones, standout posts, and the voices shaping decentralized social — no noise, no algorithm slop.',
    language = 'en',
    discovery_score = 88,
    updated_at = NOW()
  WHERE id = 'seed00000001';
  UPDATE app.spaces SET
    about = 'Dispatches from the front lines of digital liberty. Surveillance, censorship, encryption fights, and the people refusing to hand over their keys.',
    language = 'en',
    discovery_score = 82,
    updated_at = NOW()
  WHERE id = 'seed00000002';
  UPDATE app.spaces SET
    about = 'Bitcoin only. On-chain data, macro context, and sober analysis from the voices that don''t shill. Zero altcoin noise, zero price-prediction clickbait.',
    language = 'en',
    discovery_score = 70,
    updated_at = NOW()
  WHERE id = 'seed00000003';
  UPDATE app.spaces SET
    about = 'Founders, engineers, and operators writing in public. Startup lessons, systems thinking, and the messy reality of building. Curated from people who''ve actually shipped.',
    language = 'en',
    discovery_score = 68,
    updated_at = NOW()
  WHERE id = 'seed00000004';
  UPDATE app.spaces SET
    about = 'For people building on Nostr. NIP proposals, relay experiments, client updates, and the backroom conversations shaping the protocol.',
    language = 'en',
    discovery_score = 65,
    updated_at = NOW()
  WHERE id = 'seed00000005';
  UPDATE app.spaces SET
    about = 'A room full of people who still get excited about pressing play on something new. Drop tracks, argue about genres, find your next obsession.',
    language = 'en',
    discovery_score = 86,
    updated_at = NOW()
  WHERE id = 'seed00000006';
  UPDATE app.spaces SET
    about = 'A book club, but for albums. One pick a week, front-to-back listens, track-by-track threads. Come for the record, stay for the argument.',
    language = 'en',
    discovery_score = 62,
    updated_at = NOW()
  WHERE id = 'seed00000007';
  UPDATE app.spaces SET
    about = 'The culture, loud. New releases, classic debates, freestyle drops, and the lineage from Rakim to right now. No gatekeeping, no corny takes.',
    language = 'en',
    discovery_score = 72,
    updated_at = NOW()
  WHERE id = 'seed00000008';
  UPDATE app.spaces SET
    about = 'A gallery that''s also a group chat. Post your work, argue about taste, steal inspiration ethically. From oil paint to pixel art to whatever you''re cooking.',
    language = 'en',
    discovery_score = 84,
    updated_at = NOW()
  WHERE id = 'seed00000009';
  UPDATE app.spaces SET
    about = 'Photographers who care about the frame. Street, portrait, landscape, film, digital — if light hit a sensor or a piece of silver, it belongs here.',
    language = 'en',
    discovery_score = 70,
    updated_at = NOW()
  WHERE id = 'seed0000000a';
  UPDATE app.spaces SET
    about = 'A cozy table at the back of the cafe for illustrators, designers, crafters, and anyone making something with their hands or a tablet. WIPs welcome, perfection discouraged.',
    language = 'en',
    discovery_score = 58,
    updated_at = NOW()
  WHERE id = 'seed0000000b';
  UPDATE app.spaces SET
    about = 'Couch co-op energy, 24/7. LFG for every platform, clip posting, patch notes debates, and enough hot takes to fill a review embargo. Pull up.',
    language = 'en',
    discovery_score = 87,
    updated_at = NOW()
  WHERE id = 'seed0000000c';
  UPDATE app.spaces SET
    about = 'Seasonal watch-alongs, manga recs from someone who reads scanlations faster than the official sub, fan art you''ll save to your phone. Spoilers get their own room.',
    language = 'en',
    discovery_score = 83,
    updated_at = NOW()
  WHERE id = 'seed0000000d';
  UPDATE app.spaces SET
    about = 'Criterion deep-divers, trash-TV diehards, and everyone in between. Letterboxd energy, better conversation. Weekly watches, new releases, and arguments about whether a remake was necessary.',
    language = 'en',
    discovery_score = 71,
    updated_at = NOW()
  WHERE id = 'seed0000000e';
  UPDATE app.spaces SET
    about = 'From Sumerian tax records to the Cold War thaw. Rigor welcomed, dates arguable, "well actually" encouraged — with sources. Less memes, more primary documents.',
    language = 'en',
    discovery_score = 60,
    updated_at = NOW()
  WHERE id = 'seed0000000f';
  UPDATE app.spaces SET
    about = 'A seminar room that never closes. Ethics, metaphysics, political theory, and the weird 2am questions. Read charitably, argue carefully, steelman before you strawman.',
    language = 'en',
    discovery_score = 58,
    updated_at = NOW()
  WHERE id = 'seed00000010';
  UPDATE app.spaces SET
    about = 'Loud, lively, and open late. Matchday chaos, next-morning autopsies, and the kind of hot takes that get you banned from family dinners. Every sport, every league.',
    language = 'en',
    discovery_score = 85,
    updated_at = NOW()
  WHERE id = 'seed00000011';
  UPDATE app.spaces SET
    about = 'Physics, astronomy, biology, and the frontier of what we know we don''t know. Preprints, explainer threads, jaw-dropping telescope images. Nerd energy, kept kind.',
    language = 'en',
    discovery_score = 69,
    updated_at = NOW()
  WHERE id = 'seed00000012';
  UPDATE app.spaces SET
    about = 'Debate with your shoes on. Geopolitics, domestic policy, elections, and the messy middle. We don''t require agreement, we require good faith. Bad-faith posters get the door.

House rules: argue the point, not the person. Cite sources. Touch grass between threads.',
    language = 'en',
    discovery_score = 55,
    updated_at = NOW()
  WHERE id = 'seed00000013';
  UPDATE app.spaces SET
    about = 'Brainrot containment zone. Post the cursed image, the reply you screenshotted, the thought that hit at 3am. Low stakes, high chaos.',
    language = 'en',
    discovery_score = 80,
    updated_at = NOW()
  WHERE id = 'seed00000014';
  UPDATE app.spaces SET
    about = 'A quieter corner for people actually doing the reps. Fitness check-ins, habit tracking, book notes, and the occasional honest admission that today was a 2/10. No hustle-bros.',
    language = 'en',
    discovery_score = 64,
    updated_at = NOW()
  WHERE id = 'seed00000015';
  UPDATE app.spaces SET
    about = 'Weeknight dinners, weekend projects, hole-in-the-wall finds. Cooks, eaters, and people who take photos of their plates before the first bite. Pull up a chair.',
    language = 'en',
    discovery_score = 66,
    updated_at = NOW()
  WHERE id = 'seed00000016';
  UPDATE app.spaces SET
    about = 'Fit pics, runway analysis, thrift store finds, and the grails you''ll never afford but love anyway. Gatekeepers banned, taste encouraged.',
    language = 'en',
    discovery_score = 63,
    updated_at = NOW()
  WHERE id = 'seed00000017';
  UPDATE app.spaces SET
    about = 'The slow social media of reading. Current TBRs, shelf photos, essays on books you can''t stop thinking about. Fiction and non-fiction, capital-L lit and airport paperbacks alike.',
    language = 'en',
    discovery_score = 67,
    updated_at = NOW()
  WHERE id = 'seed00000018';
  UPDATE app.spaces SET
    about = 'Code is speech. Privacy is practice. A working room for people who write crypto, run nodes, self-host, and take the cypherpunk manifesto literally. Keys over trust, always.',
    language = 'en',
    discovery_score = 62,
    updated_at = NOW()
  WHERE id = 'seed00000019';

  -- ── 2. Channels: clear old seed channels & reseed themed trees ──────
  -- CASCADE from space_channels cleans up onboarding_answer_mappings.channel_id.
  DELETE FROM app.space_channels WHERE space_id LIKE 'seed%';

  INSERT INTO app.space_channels
    (id, space_id, type, label, category_id, position, is_default, admin_only, slow_mode_seconds, temporary, feed_mode)
  VALUES
    ('ch_01_signal', 'seed00000001', 'notes', '#signal', 'Feed', 0, TRUE, FALSE, 0, FALSE, 'all'),
    ('ch_01_visuals', 'seed00000001', 'media', '#visuals', 'Feed', 1, FALSE, FALSE, 0, FALSE, 'all'),
    ('ch_01_longform', 'seed00000001', 'articles', '#longform', 'Deep Dives', 2, FALSE, FALSE, 0, FALSE, 'all'),
    ('ch_02_dispatches', 'seed00000002', 'notes', '#dispatches', 'Feed', 0, TRUE, FALSE, 0, FALSE, 'all'),
    ('ch_02_investigations', 'seed00000002', 'articles', '#investigations', 'Deep Dives', 1, FALSE, FALSE, 0, FALSE, 'all'),
    ('ch_03_ticker', 'seed00000003', 'notes', '#ticker', 'Feed', 0, TRUE, FALSE, 0, FALSE, 'all'),
    ('ch_03_analysis', 'seed00000003', 'articles', '#analysis', 'Deep Dives', 1, FALSE, FALSE, 0, FALSE, 'all'),
    ('ch_04_threads', 'seed00000004', 'notes', '#threads', 'Feed', 0, TRUE, FALSE, 0, FALSE, 'all'),
    ('ch_04_essays', 'seed00000004', 'articles', '#essays', 'Deep Dives', 1, FALSE, FALSE, 0, FALSE, 'all'),
    ('ch_05_commits', 'seed00000005', 'notes', '#commits', 'Feed', 0, TRUE, FALSE, 0, FALSE, 'all'),
    ('ch_05_nip_proposals', 'seed00000005', 'articles', '#nip-proposals', 'Protocol', 1, FALSE, FALSE, 0, FALSE, 'all'),
    ('ch_06_listening_room', 'seed00000006', 'chat', '#listening-room', 'Community', 0, TRUE, FALSE, 0, FALSE, 'all'),
    ('ch_06_introductions', 'seed00000006', 'chat', '#introductions', 'Community', 1, FALSE, FALSE, 0, FALSE, 'all'),
    ('ch_06_new_drops', 'seed00000006', 'music', '#new-drops', 'The Stacks', 2, FALSE, FALSE, 0, FALSE, 'all'),
    ('ch_06_deep_cuts', 'seed00000006', 'music', '#deep-cuts', 'The Stacks', 3, FALSE, FALSE, 0, FALSE, 'all'),
    ('ch_06_recommendations', 'seed00000006', 'notes', '#recommendations', 'The Stacks', 4, FALSE, FALSE, 0, FALSE, 'all'),
    ('ch_06_reviews', 'seed00000006', 'articles', '#reviews', 'Press', 5, FALSE, FALSE, 0, FALSE, 'all'),
    ('ch_07_this_week', 'seed00000007', 'chat', '#this-week', 'Club', 0, TRUE, FALSE, 0, FALSE, 'all'),
    ('ch_07_introductions', 'seed00000007', 'chat', '#introductions', 'Club', 1, FALSE, FALSE, 0, FALSE, 'all'),
    ('ch_07_the_pick', 'seed00000007', 'music', '#the-pick', 'The Record', 2, FALSE, TRUE, 0, FALSE, 'all'),
    ('ch_07_reviews', 'seed00000007', 'articles', '#reviews', 'The Record', 3, FALSE, FALSE, 0, FALSE, 'all'),
    ('ch_07_track_by_track', 'seed00000007', 'notes', '#track-by-track', 'The Record', 4, FALSE, FALSE, 0, FALSE, 'all'),
    ('ch_08_the_cypher', 'seed00000008', 'chat', '#the-cypher', 'Community', 0, TRUE, FALSE, 0, FALSE, 'all'),
    ('ch_08_introductions', 'seed00000008', 'chat', '#introductions', 'Community', 1, FALSE, FALSE, 0, FALSE, 'all'),
    ('ch_08_new_drops', 'seed00000008', 'music', '#new-drops', 'Tracks', 2, FALSE, FALSE, 0, FALSE, 'all'),
    ('ch_08_classics', 'seed00000008', 'music', '#classics', 'Tracks', 3, FALSE, FALSE, 0, FALSE, 'all'),
    ('ch_08_hot_takes', 'seed00000008', 'notes', '#hot-takes', 'The Barbershop', 4, FALSE, FALSE, 15, FALSE, 'all'),
    ('ch_08_essays', 'seed00000008', 'articles', '#essays', 'The Barbershop', 5, FALSE, FALSE, 0, FALSE, 'all'),
    ('ch_09_studio', 'seed00000009', 'chat', '#studio', 'Community', 0, TRUE, FALSE, 0, FALSE, 'all'),
    ('ch_09_introductions', 'seed00000009', 'chat', '#introductions', 'Community', 1, FALSE, FALSE, 0, FALSE, 'all'),
    ('ch_09_gallery', 'seed00000009', 'media', '#gallery', 'Works', 2, FALSE, FALSE, 0, FALSE, 'all'),
    ('ch_09_wip', 'seed00000009', 'media', '#wip', 'Works', 3, FALSE, FALSE, 0, FALSE, 'curated'),
    ('ch_09_moodboard', 'seed00000009', 'media', '#moodboard', 'Works', 4, FALSE, FALSE, 0, FALSE, 'curated'),
    ('ch_09_critique', 'seed00000009', 'articles', '#critique', 'Talk', 5, FALSE, FALSE, 0, FALSE, 'all'),
    ('ch_0a_darkroom', 'seed0000000a', 'chat', '#darkroom', 'Community', 0, TRUE, FALSE, 0, FALSE, 'all'),
    ('ch_0a_introductions', 'seed0000000a', 'chat', '#introductions', 'Community', 1, FALSE, FALSE, 0, FALSE, 'all'),
    ('ch_0a_street', 'seed0000000a', 'media', '#street', 'Frames', 2, FALSE, FALSE, 0, FALSE, 'all'),
    ('ch_0a_portrait', 'seed0000000a', 'media', '#portrait', 'Frames', 3, FALSE, FALSE, 0, FALSE, 'curated'),
    ('ch_0a_landscape', 'seed0000000a', 'media', '#landscape', 'Frames', 4, FALSE, FALSE, 0, FALSE, 'curated'),
    ('ch_0a_gear_and_craft', 'seed0000000a', 'articles', '#gear-and-craft', 'Craft', 5, FALSE, FALSE, 0, FALSE, 'all'),
    ('ch_0b_workbench', 'seed0000000b', 'chat', '#workbench', 'Community', 0, TRUE, FALSE, 0, FALSE, 'all'),
    ('ch_0b_introductions', 'seed0000000b', 'chat', '#introductions', 'Community', 1, FALSE, FALSE, 0, FALSE, 'all'),
    ('ch_0b_finished', 'seed0000000b', 'media', '#finished', 'Showcase', 2, FALSE, FALSE, 0, FALSE, 'all'),
    ('ch_0b_wip', 'seed0000000b', 'media', '#wip', 'Showcase', 3, FALSE, FALSE, 0, FALSE, 'curated'),
    ('ch_0b_process', 'seed0000000b', 'articles', '#process', 'Showcase', 4, FALSE, FALSE, 0, FALSE, 'all'),
    ('ch_0c_general', 'seed0000000c', 'chat', '#general', 'Community', 0, TRUE, FALSE, 0, FALSE, 'all'),
    ('ch_0c_introductions', 'seed0000000c', 'chat', '#introductions', 'Community', 1, FALSE, FALSE, 0, FALSE, 'all'),
    ('ch_0c_lfg', 'seed0000000c', 'chat', '#lfg', 'Play', 2, FALSE, FALSE, 0, FALSE, 'all'),
    ('ch_0c_pc', 'seed0000000c', 'chat', '#pc', 'Play', 3, FALSE, FALSE, 0, FALSE, 'all'),
    ('ch_0c_console', 'seed0000000c', 'chat', '#console', 'Play', 4, FALSE, FALSE, 0, FALSE, 'all'),
    ('ch_0c_clips', 'seed0000000c', 'media', '#clips', 'Content', 5, FALSE, FALSE, 0, FALSE, 'all'),
    ('ch_0c_patch_notes', 'seed0000000c', 'notes', '#patch-notes', 'Content', 6, FALSE, FALSE, 0, FALSE, 'all'),
    ('ch_0c_reviews', 'seed0000000c', 'articles', '#reviews', 'Content', 7, FALSE, FALSE, 0, FALSE, 'all'),
    ('ch_0c_announcements', 'seed0000000c', 'chat', '#announcements', 'Community', 8, FALSE, TRUE, 0, FALSE, 'all'),
    ('ch_0d_general', 'seed0000000d', 'chat', '#general', 'Community', 0, TRUE, FALSE, 0, FALSE, 'all'),
    ('ch_0d_introductions', 'seed0000000d', 'chat', '#introductions', 'Community', 1, FALSE, FALSE, 0, FALSE, 'all'),
    ('ch_0d_spoilers', 'seed0000000d', 'chat', '#spoilers', 'Community', 2, FALSE, FALSE, 30, FALSE, 'all'),
    ('ch_0d_hot_takes', 'seed0000000d', 'notes', '#hot-takes', 'Discourse', 3, FALSE, FALSE, 10, FALSE, 'all'),
    ('ch_0d_reviews', 'seed0000000d', 'articles', '#reviews', 'Discourse', 4, FALSE, FALSE, 0, FALSE, 'all'),
    ('ch_0d_fanart', 'seed0000000d', 'media', '#fanart', 'Visuals', 5, FALSE, FALSE, 0, FALSE, 'all'),
    ('ch_0d_screenshots', 'seed0000000d', 'media', '#screenshots', 'Visuals', 6, FALSE, FALSE, 0, FALSE, 'curated'),
    ('ch_0e_lobby', 'seed0000000e', 'chat', '#lobby', 'Community', 0, TRUE, FALSE, 0, FALSE, 'all'),
    ('ch_0e_introductions', 'seed0000000e', 'chat', '#introductions', 'Community', 1, FALSE, FALSE, 0, FALSE, 'all'),
    ('ch_0e_spoilers', 'seed0000000e', 'chat', '#spoilers', 'Community', 2, FALSE, FALSE, 20, FALSE, 'all'),
    ('ch_0e_hot_takes', 'seed0000000e', 'notes', '#hot-takes', 'Screening Room', 3, FALSE, FALSE, 10, FALSE, 'all'),
    ('ch_0e_reviews', 'seed0000000e', 'articles', '#reviews', 'Screening Room', 4, FALSE, FALSE, 0, FALSE, 'all'),
    ('ch_0e_stills', 'seed0000000e', 'media', '#stills', 'Screening Room', 5, FALSE, FALSE, 0, FALSE, 'all'),
    ('ch_0f_discussion', 'seed0000000f', 'chat', '#discussion', 'Community', 0, TRUE, FALSE, 15, FALSE, 'all'),
    ('ch_0f_introductions', 'seed0000000f', 'chat', '#introductions', 'Community', 1, FALSE, FALSE, 0, FALSE, 'all'),
    ('ch_0f_essays', 'seed0000000f', 'articles', '#essays', 'Archives', 2, FALSE, FALSE, 0, FALSE, 'all'),
    ('ch_0f_primary_sources', 'seed0000000f', 'articles', '#primary-sources', 'Archives', 3, FALSE, FALSE, 0, FALSE, 'curated'),
    ('ch_0f_maps_and_artifacts', 'seed0000000f', 'media', '#maps-and-artifacts', 'Archives', 4, FALSE, FALSE, 0, FALSE, 'all'),
    ('ch_0f_on_this_day', 'seed0000000f', 'notes', '#on-this-day', 'Community', 5, FALSE, FALSE, 0, FALSE, 'all'),
    ('ch_10_seminar', 'seed00000010', 'chat', '#seminar', 'Community', 0, TRUE, FALSE, 20, FALSE, 'all'),
    ('ch_10_introductions', 'seed00000010', 'chat', '#introductions', 'Community', 1, FALSE, FALSE, 0, FALSE, 'all'),
    ('ch_10_essays', 'seed00000010', 'articles', '#essays', 'Texts', 2, FALSE, FALSE, 0, FALSE, 'all'),
    ('ch_10_primary_texts', 'seed00000010', 'articles', '#primary-texts', 'Texts', 3, FALSE, FALSE, 0, FALSE, 'curated'),
    ('ch_10_thought_experiments', 'seed00000010', 'notes', '#thought-experiments', 'Texts', 4, FALSE, FALSE, 0, FALSE, 'all'),
    ('ch_11_bar', 'seed00000011', 'chat', '#bar', 'Community', 0, TRUE, FALSE, 0, FALSE, 'all'),
    ('ch_11_introductions', 'seed00000011', 'chat', '#introductions', 'Community', 1, FALSE, FALSE, 0, FALSE, 'all'),
    ('ch_11_matchday', 'seed00000011', 'chat', '#matchday', 'Live', 2, FALSE, FALSE, 0, FALSE, 'all'),
    ('ch_11_hot_takes', 'seed00000011', 'notes', '#hot-takes', 'Talk', 3, FALSE, FALSE, 10, FALSE, 'all'),
    ('ch_11_highlights', 'seed00000011', 'media', '#highlights', 'Talk', 4, FALSE, FALSE, 0, FALSE, 'all'),
    ('ch_11_breakdowns', 'seed00000011', 'articles', '#breakdowns', 'Talk', 5, FALSE, FALSE, 0, FALSE, 'all'),
    ('ch_12_lab', 'seed00000012', 'chat', '#lab', 'Community', 0, TRUE, FALSE, 10, FALSE, 'all'),
    ('ch_12_introductions', 'seed00000012', 'chat', '#introductions', 'Community', 1, FALSE, FALSE, 0, FALSE, 'all'),
    ('ch_12_news', 'seed00000012', 'notes', '#news', 'Research', 2, FALSE, FALSE, 0, FALSE, 'all'),
    ('ch_12_preprints', 'seed00000012', 'articles', '#preprints', 'Research', 3, FALSE, FALSE, 0, FALSE, 'curated'),
    ('ch_12_explainers', 'seed00000012', 'articles', '#explainers', 'Research', 4, FALSE, FALSE, 0, FALSE, 'all'),
    ('ch_12_space_gallery', 'seed00000012', 'media', '#space-gallery', 'Cosmos', 5, FALSE, FALSE, 0, FALSE, 'all'),
    ('ch_13_rules_and_welcome', 'seed00000013', 'chat', '#rules-and-welcome', 'Start Here', 0, FALSE, TRUE, 0, FALSE, 'all'),
    ('ch_13_debate', 'seed00000013', 'chat', '#debate', 'Community', 1, TRUE, FALSE, 30, FALSE, 'all'),
    ('ch_13_introductions', 'seed00000013', 'chat', '#introductions', 'Community', 2, FALSE, FALSE, 0, FALSE, 'all'),
    ('ch_13_news', 'seed00000013', 'notes', '#news', 'Current Affairs', 3, FALSE, FALSE, 10, FALSE, 'all'),
    ('ch_13_analysis', 'seed00000013', 'articles', '#analysis', 'Current Affairs', 4, FALSE, FALSE, 0, FALSE, 'all'),
    ('ch_13_geopolitics', 'seed00000013', 'articles', '#geopolitics', 'Current Affairs', 5, FALSE, FALSE, 0, FALSE, 'curated'),
    ('ch_14_general_chaos', 'seed00000014', 'chat', '#general-chaos', 'Community', 0, TRUE, FALSE, 15, FALSE, 'all'),
    ('ch_14_memes', 'seed00000014', 'media', '#memes', 'The Feed', 1, FALSE, FALSE, 0, FALSE, 'all'),
    ('ch_14_cursed', 'seed00000014', 'media', '#cursed', 'The Feed', 2, FALSE, FALSE, 0, FALSE, 'curated'),
    ('ch_14_shower_thoughts', 'seed00000014', 'notes', '#shower-thoughts', 'The Feed', 3, FALSE, FALSE, 10, FALSE, 'all'),
    ('ch_15_check_in', 'seed00000015', 'chat', '#check-in', 'Community', 0, TRUE, FALSE, 0, FALSE, 'all'),
    ('ch_15_introductions', 'seed00000015', 'chat', '#introductions', 'Community', 1, FALSE, FALSE, 0, FALSE, 'all'),
    ('ch_15_fitness', 'seed00000015', 'chat', '#fitness', 'The Reps', 2, FALSE, FALSE, 0, FALSE, 'all'),
    ('ch_15_productivity', 'seed00000015', 'chat', '#productivity', 'The Reps', 3, FALSE, FALSE, 0, FALSE, 'all'),
    ('ch_15_book_notes', 'seed00000015', 'notes', '#book-notes', 'The Reps', 4, FALSE, FALSE, 0, FALSE, 'all'),
    ('ch_15_essays', 'seed00000015', 'articles', '#essays', 'Reflection', 5, FALSE, FALSE, 0, FALSE, 'all'),
    ('ch_16_the_kitchen', 'seed00000016', 'chat', '#the-kitchen', 'Community', 0, TRUE, FALSE, 0, FALSE, 'all'),
    ('ch_16_introductions', 'seed00000016', 'chat', '#introductions', 'Community', 1, FALSE, FALSE, 0, FALSE, 'all'),
    ('ch_16_whats_cooking', 'seed00000016', 'media', '#whats-cooking', 'Plates', 2, FALSE, FALSE, 0, FALSE, 'all'),
    ('ch_16_eating_out', 'seed00000016', 'media', '#eating-out', 'Plates', 3, FALSE, FALSE, 0, FALSE, 'curated'),
    ('ch_16_recipes', 'seed00000016', 'articles', '#recipes', 'Cookbook', 4, FALSE, FALSE, 0, FALSE, 'all'),
    ('ch_16_tips_and_tricks', 'seed00000016', 'notes', '#tips-and-tricks', 'Cookbook', 5, FALSE, FALSE, 0, FALSE, 'all'),
    ('ch_17_fitting_room', 'seed00000017', 'chat', '#fitting-room', 'Community', 0, TRUE, FALSE, 0, FALSE, 'all'),
    ('ch_17_introductions', 'seed00000017', 'chat', '#introductions', 'Community', 1, FALSE, FALSE, 0, FALSE, 'all'),
    ('ch_17_fits', 'seed00000017', 'media', '#fits', 'Looks', 2, FALSE, FALSE, 0, FALSE, 'all'),
    ('ch_17_grails', 'seed00000017', 'media', '#grails', 'Looks', 3, FALSE, FALSE, 0, FALSE, 'curated'),
    ('ch_17_thrift_finds', 'seed00000017', 'media', '#thrift-finds', 'Looks', 4, FALSE, FALSE, 0, FALSE, 'curated'),
    ('ch_17_runway_notes', 'seed00000017', 'articles', '#runway-notes', 'Discourse', 5, FALSE, FALSE, 0, FALSE, 'all'),
    ('ch_18_reading_room', 'seed00000018', 'chat', '#reading-room', 'Community', 0, TRUE, FALSE, 0, FALSE, 'all'),
    ('ch_18_introductions', 'seed00000018', 'chat', '#introductions', 'Community', 1, FALSE, FALSE, 0, FALSE, 'all'),
    ('ch_18_spoilers', 'seed00000018', 'chat', '#spoilers', 'Community', 2, FALSE, FALSE, 20, FALSE, 'all'),
    ('ch_18_currently_reading', 'seed00000018', 'notes', '#currently-reading', 'The Shelf', 3, FALSE, FALSE, 0, FALSE, 'all'),
    ('ch_18_reviews', 'seed00000018', 'articles', '#reviews', 'The Shelf', 4, FALSE, FALSE, 0, FALSE, 'all'),
    ('ch_18_shelfies', 'seed00000018', 'media', '#shelfies', 'The Shelf', 5, FALSE, FALSE, 0, FALSE, 'all'),
    ('ch_19_ops', 'seed00000019', 'chat', '#ops', 'Community', 0, TRUE, FALSE, 0, FALSE, 'all'),
    ('ch_19_introductions', 'seed00000019', 'chat', '#introductions', 'Community', 1, FALSE, FALSE, 0, FALSE, 'all'),
    ('ch_19_signals', 'seed00000019', 'notes', '#signals', 'Wire', 2, FALSE, FALSE, 0, FALSE, 'all'),
    ('ch_19_essays', 'seed00000019', 'articles', '#essays', 'Wire', 3, FALSE, FALSE, 0, FALSE, 'all'),
    ('ch_19_how_to', 'seed00000019', 'articles', '#how-to', 'Wire', 4, FALSE, FALSE, 0, FALSE, 'curated');

  -- ── 3. Tags: clear old seed tags & reseed ──────────────────────────
  DELETE FROM app.space_tags WHERE space_id LIKE 'seed%';

  INSERT INTO app.space_tags (id, space_id, tag) VALUES
    ('tag_01_0', 'seed00000001', 'nostr'),
    ('tag_01_1', 'seed00000001', 'decentralized'),
    ('tag_01_2', 'seed00000001', 'highlights'),
    ('tag_01_3', 'seed00000001', 'protocol'),
    ('tag_01_4', 'seed00000001', 'social'),
    ('tag_02_0', 'seed00000002', 'privacy'),
    ('tag_02_1', 'seed00000002', 'freedom'),
    ('tag_02_2', 'seed00000002', 'surveillance'),
    ('tag_02_3', 'seed00000002', 'civil-liberties'),
    ('tag_02_4', 'seed00000002', 'encryption'),
    ('tag_03_0', 'seed00000003', 'bitcoin'),
    ('tag_03_1', 'seed00000003', 'macro'),
    ('tag_03_2', 'seed00000003', 'on-chain'),
    ('tag_03_3', 'seed00000003', 'sound-money'),
    ('tag_03_4', 'seed00000003', 'analysis'),
    ('tag_04_0', 'seed00000004', 'technology'),
    ('tag_04_1', 'seed00000004', 'startups'),
    ('tag_04_2', 'seed00000004', 'engineering'),
    ('tag_04_3', 'seed00000004', 'founders'),
    ('tag_04_4', 'seed00000004', 'essays'),
    ('tag_05_0', 'seed00000005', 'nostr'),
    ('tag_05_1', 'seed00000005', 'development'),
    ('tag_05_2', 'seed00000005', 'nips'),
    ('tag_05_3', 'seed00000005', 'relays'),
    ('tag_05_4', 'seed00000005', 'protocol'),
    ('tag_06_0', 'seed00000006', 'music'),
    ('tag_06_1', 'seed00000006', 'discovery'),
    ('tag_06_2', 'seed00000006', 'playlists'),
    ('tag_06_3', 'seed00000006', 'new-releases'),
    ('tag_06_4', 'seed00000006', 'indie'),
    ('tag_07_0', 'seed00000007', 'music'),
    ('tag_07_1', 'seed00000007', 'albums'),
    ('tag_07_2', 'seed00000007', 'listening-club'),
    ('tag_07_3', 'seed00000007', 'reviews'),
    ('tag_07_4', 'seed00000007', 'discussion'),
    ('tag_08_0', 'seed00000008', 'hip-hop'),
    ('tag_08_1', 'seed00000008', 'rnb'),
    ('tag_08_2', 'seed00000008', 'rap'),
    ('tag_08_3', 'seed00000008', 'culture'),
    ('tag_08_4', 'seed00000008', 'music'),
    ('tag_09_0', 'seed00000009', 'art'),
    ('tag_09_1', 'seed00000009', 'aesthetics'),
    ('tag_09_2', 'seed00000009', 'digital-art'),
    ('tag_09_3', 'seed00000009', 'illustration'),
    ('tag_09_4', 'seed00000009', 'design'),
    ('tag_0a_0', 'seed0000000a', 'photography'),
    ('tag_0a_1', 'seed0000000a', 'street'),
    ('tag_0a_2', 'seed0000000a', 'portrait'),
    ('tag_0a_3', 'seed0000000a', 'landscape'),
    ('tag_0a_4', 'seed0000000a', 'film'),
    ('tag_0b_0', 'seed0000000b', 'illustration'),
    ('tag_0b_1', 'seed0000000b', 'design'),
    ('tag_0b_2', 'seed0000000b', 'creative'),
    ('tag_0b_3', 'seed0000000b', 'wip'),
    ('tag_0b_4', 'seed0000000b', 'craft'),
    ('tag_0c_0', 'seed0000000c', 'gaming'),
    ('tag_0c_1', 'seed0000000c', 'pc'),
    ('tag_0c_2', 'seed0000000c', 'console'),
    ('tag_0c_3', 'seed0000000c', 'lfg'),
    ('tag_0c_4', 'seed0000000c', 'clips'),
    ('tag_0d_0', 'seed0000000d', 'anime'),
    ('tag_0d_1', 'seed0000000d', 'manga'),
    ('tag_0d_2', 'seed0000000d', 'japan'),
    ('tag_0d_3', 'seed0000000d', 'otaku'),
    ('tag_0d_4', 'seed0000000d', 'seasonal'),
    ('tag_0e_0', 'seed0000000e', 'film'),
    ('tag_0e_1', 'seed0000000e', 'tv'),
    ('tag_0e_2', 'seed0000000e', 'cinema'),
    ('tag_0e_3', 'seed0000000e', 'streaming'),
    ('tag_0e_4', 'seed0000000e', 'reviews'),
    ('tag_0f_0', 'seed0000000f', 'history'),
    ('tag_0f_1', 'seed0000000f', 'ancient'),
    ('tag_0f_2', 'seed0000000f', 'modern'),
    ('tag_0f_3', 'seed0000000f', 'historiography'),
    ('tag_0f_4', 'seed0000000f', 'civilization'),
    ('tag_10_0', 'seed00000010', 'philosophy'),
    ('tag_10_1', 'seed00000010', 'ethics'),
    ('tag_10_2', 'seed00000010', 'metaphysics'),
    ('tag_10_3', 'seed00000010', 'political-theory'),
    ('tag_10_4', 'seed00000010', 'existentialism'),
    ('tag_11_0', 'seed00000011', 'sports'),
    ('tag_11_1', 'seed00000011', 'football'),
    ('tag_11_2', 'seed00000011', 'nba'),
    ('tag_11_3', 'seed00000011', 'soccer'),
    ('tag_11_4', 'seed00000011', 'highlights'),
    ('tag_12_0', 'seed00000012', 'science'),
    ('tag_12_1', 'seed00000012', 'space'),
    ('tag_12_2', 'seed00000012', 'physics'),
    ('tag_12_3', 'seed00000012', 'astronomy'),
    ('tag_12_4', 'seed00000012', 'research'),
    ('tag_13_0', 'seed00000013', 'politics'),
    ('tag_13_1', 'seed00000013', 'geopolitics'),
    ('tag_13_2', 'seed00000013', 'policy'),
    ('tag_13_3', 'seed00000013', 'news'),
    ('tag_13_4', 'seed00000013', 'debate'),
    ('tag_14_0', 'seed00000014', 'memes'),
    ('tag_14_1', 'seed00000014', 'random'),
    ('tag_14_2', 'seed00000014', 'shitposting'),
    ('tag_14_3', 'seed00000014', 'humor'),
    ('tag_14_4', 'seed00000014', 'chaos'),
    ('tag_15_0', 'seed00000015', 'self-improvement'),
    ('tag_15_1', 'seed00000015', 'fitness'),
    ('tag_15_2', 'seed00000015', 'productivity'),
    ('tag_15_3', 'seed00000015', 'habits'),
    ('tag_15_4', 'seed00000015', 'books'),
    ('tag_16_0', 'seed00000016', 'food'),
    ('tag_16_1', 'seed00000016', 'cooking'),
    ('tag_16_2', 'seed00000016', 'recipes'),
    ('tag_16_3', 'seed00000016', 'restaurants'),
    ('tag_16_4', 'seed00000016', 'home-kitchen'),
    ('tag_17_0', 'seed00000017', 'fashion'),
    ('tag_17_1', 'seed00000017', 'streetwear'),
    ('tag_17_2', 'seed00000017', 'style'),
    ('tag_17_3', 'seed00000017', 'ootd'),
    ('tag_17_4', 'seed00000017', 'grails'),
    ('tag_18_0', 'seed00000018', 'books'),
    ('tag_18_1', 'seed00000018', 'reading'),
    ('tag_18_2', 'seed00000018', 'literature'),
    ('tag_18_3', 'seed00000018', 'fiction'),
    ('tag_18_4', 'seed00000018', 'reviews'),
    ('tag_19_0', 'seed00000019', 'cypherpunk'),
    ('tag_19_1', 'seed00000019', 'privacy'),
    ('tag_19_2', 'seed00000019', 'cryptography'),
    ('tag_19_3', 'seed00000019', 'self-hosting'),
    ('tag_19_4', 'seed00000019', 'sovereignty');

  -- ── 4. Themed roles (upsert, preserves existing Admin/Member) ──────
  INSERT INTO app.space_roles (id, space_id, name, position, color, is_default, is_admin) VALUES
    ('role_01_signal_hunter', 'seed00000001', 'Signal Hunter', 3, '#8E44FF', FALSE, FALSE),
    ('role_01_deep_reader', 'seed00000001', 'Deep Reader', 4, '#4A90E2', FALSE, FALSE),
    ('role_02_watcher', 'seed00000002', 'Watcher', 3, '#2ECC71', FALSE, FALSE),
    ('role_02_advocate', 'seed00000002', 'Advocate', 4, '#E67E22', FALSE, FALSE),
    ('role_03_hodler', 'seed00000003', 'Hodler', 3, '#F7931A', FALSE, FALSE),
    ('role_03_macro_reader', 'seed00000003', 'Macro Reader', 4, '#C0392B', FALSE, FALSE),
    ('role_04_builder', 'seed00000004', 'Builder', 3, '#3498DB', FALSE, FALSE),
    ('role_04_operator', 'seed00000004', 'Operator', 4, '#9B59B6', FALSE, FALSE),
    ('role_05_protocol_nerd', 'seed00000005', 'Protocol Nerd', 3, '#1ABC9C', FALSE, FALSE),
    ('role_05_client_dev', 'seed00000005', 'Client Dev', 4, '#E74C3C', FALSE, FALSE),
    ('role_06_moderator', 'seed00000006', 'Moderator', 1, '#FF6B6B', FALSE, FALSE),
    ('role_06_curator', 'seed00000006', 'Curator', 3, '#F39C12', FALSE, FALSE),
    ('role_07_listener', 'seed00000007', 'Listener', 3, '#16A085', FALSE, FALSE),
    ('role_07_reviewer', 'seed00000007', 'Reviewer', 4, '#D35400', FALSE, FALSE),
    ('role_08_moderator', 'seed00000008', 'Moderator', 1, '#FF6B6B', FALSE, FALSE),
    ('role_08_head', 'seed00000008', 'Head', 3, '#C0392B', FALSE, FALSE),
    ('role_09_moderator', 'seed00000009', 'Moderator', 1, '#FF6B6B', FALSE, FALSE),
    ('role_09_featured_artist', 'seed00000009', 'Featured Artist', 3, '#E91E63', FALSE, FALSE),
    ('role_0a_moderator', 'seed0000000a', 'Moderator', 1, '#FF6B6B', FALSE, FALSE),
    ('role_0a_shooter', 'seed0000000a', 'Shooter', 3, '#34495E', FALSE, FALSE),
    ('role_0b_maker', 'seed0000000b', 'Maker', 3, '#F1C40F', FALSE, FALSE),
    ('role_0c_moderator', 'seed0000000c', 'Moderator', 1, '#FF6B6B', FALSE, FALSE),
    ('role_0c_veteran', 'seed0000000c', 'Veteran', 3, '#27AE60', FALSE, FALSE),
    ('role_0d_moderator', 'seed0000000d', 'Moderator', 1, '#FF6B6B', FALSE, FALSE),
    ('role_0d_tastemaker', 'seed0000000d', 'Tastemaker', 3, '#E84393', FALSE, FALSE),
    ('role_0e_moderator', 'seed0000000e', 'Moderator', 1, '#FF6B6B', FALSE, FALSE),
    ('role_0e_cinephile', 'seed0000000e', 'Cinephile', 3, '#8E44AD', FALSE, FALSE),
    ('role_0f_scholar', 'seed0000000f', 'Scholar', 3, '#795548', FALSE, FALSE),
    ('role_10_scholar', 'seed00000010', 'Scholar', 3, '#7F8C8D', FALSE, FALSE),
    ('role_11_moderator', 'seed00000011', 'Moderator', 1, '#FF6B6B', FALSE, FALSE),
    ('role_11_analyst', 'seed00000011', 'Analyst', 3, '#2980B9', FALSE, FALSE),
    ('role_12_moderator', 'seed00000012', 'Moderator', 1, '#FF6B6B', FALSE, FALSE),
    ('role_12_scholar', 'seed00000012', 'Scholar', 3, '#00BCD4', FALSE, FALSE),
    ('role_13_moderator', 'seed00000013', 'Moderator', 1, '#FF6B6B', FALSE, FALSE),
    ('role_13_wonk', 'seed00000013', 'Wonk', 3, '#5D6D7E', FALSE, FALSE),
    ('role_14_shitposter', 'seed00000014', 'Shitposter', 3, '#FF00AA', FALSE, FALSE),
    ('role_15_regular', 'seed00000015', 'Regular', 3, '#16A085', FALSE, FALSE),
    ('role_16_home_cook', 'seed00000016', 'Home Cook', 3, '#E67E22', FALSE, FALSE),
    ('role_17_regular', 'seed00000017', 'Regular', 3, '#D81B60', FALSE, FALSE),
    ('role_18_bookworm', 'seed00000018', 'Bookworm', 3, '#6D4C41', FALSE, FALSE),
    ('role_19_operator', 'seed00000019', 'Operator', 3, '#00FF88', FALSE, FALSE)
  ON CONFLICT (id) DO UPDATE SET
    name = EXCLUDED.name,
    position = EXCLUDED.position,
    color = EXCLUDED.color;

  -- ── 5. Role permissions for themed roles ───────────────────────────
  DELETE FROM app.role_permissions WHERE role_id LIKE 'role_%';

  INSERT INTO app.role_permissions (role_id, permission) VALUES
    ('role_01_signal_hunter', 'SEND_MESSAGES'),
    ('role_01_signal_hunter', 'CREATE_INVITES'),
    ('role_01_signal_hunter', 'EMBED_LINKS'),
    ('role_01_signal_hunter', 'ATTACH_FILES'),
    ('role_01_signal_hunter', 'ADD_REACTIONS'),
    ('role_01_signal_hunter', 'CONNECT'),
    ('role_01_signal_hunter', 'SPEAK'),
    ('role_01_signal_hunter', 'VIDEO'),
    ('role_01_signal_hunter', 'SCREEN_SHARE'),
    ('role_01_signal_hunter', 'VIEW_CHANNEL'),
    ('role_01_signal_hunter', 'READ_MESSAGE_HISTORY'),
    ('role_01_deep_reader', 'SEND_MESSAGES'),
    ('role_01_deep_reader', 'CREATE_INVITES'),
    ('role_01_deep_reader', 'EMBED_LINKS'),
    ('role_01_deep_reader', 'ATTACH_FILES'),
    ('role_01_deep_reader', 'ADD_REACTIONS'),
    ('role_01_deep_reader', 'CONNECT'),
    ('role_01_deep_reader', 'SPEAK'),
    ('role_01_deep_reader', 'VIDEO'),
    ('role_01_deep_reader', 'SCREEN_SHARE'),
    ('role_01_deep_reader', 'VIEW_CHANNEL'),
    ('role_01_deep_reader', 'READ_MESSAGE_HISTORY'),
    ('role_02_watcher', 'SEND_MESSAGES'),
    ('role_02_watcher', 'CREATE_INVITES'),
    ('role_02_watcher', 'EMBED_LINKS'),
    ('role_02_watcher', 'ATTACH_FILES'),
    ('role_02_watcher', 'ADD_REACTIONS'),
    ('role_02_watcher', 'CONNECT'),
    ('role_02_watcher', 'SPEAK'),
    ('role_02_watcher', 'VIDEO'),
    ('role_02_watcher', 'SCREEN_SHARE'),
    ('role_02_watcher', 'VIEW_CHANNEL'),
    ('role_02_watcher', 'READ_MESSAGE_HISTORY'),
    ('role_02_advocate', 'SEND_MESSAGES'),
    ('role_02_advocate', 'CREATE_INVITES'),
    ('role_02_advocate', 'EMBED_LINKS'),
    ('role_02_advocate', 'ATTACH_FILES'),
    ('role_02_advocate', 'ADD_REACTIONS'),
    ('role_02_advocate', 'CONNECT'),
    ('role_02_advocate', 'SPEAK'),
    ('role_02_advocate', 'VIDEO'),
    ('role_02_advocate', 'SCREEN_SHARE'),
    ('role_02_advocate', 'VIEW_CHANNEL'),
    ('role_02_advocate', 'READ_MESSAGE_HISTORY'),
    ('role_03_hodler', 'SEND_MESSAGES'),
    ('role_03_hodler', 'CREATE_INVITES'),
    ('role_03_hodler', 'EMBED_LINKS'),
    ('role_03_hodler', 'ATTACH_FILES'),
    ('role_03_hodler', 'ADD_REACTIONS'),
    ('role_03_hodler', 'CONNECT'),
    ('role_03_hodler', 'SPEAK'),
    ('role_03_hodler', 'VIDEO'),
    ('role_03_hodler', 'SCREEN_SHARE'),
    ('role_03_hodler', 'VIEW_CHANNEL'),
    ('role_03_hodler', 'READ_MESSAGE_HISTORY'),
    ('role_03_macro_reader', 'SEND_MESSAGES'),
    ('role_03_macro_reader', 'CREATE_INVITES'),
    ('role_03_macro_reader', 'EMBED_LINKS'),
    ('role_03_macro_reader', 'ATTACH_FILES'),
    ('role_03_macro_reader', 'ADD_REACTIONS'),
    ('role_03_macro_reader', 'CONNECT'),
    ('role_03_macro_reader', 'SPEAK'),
    ('role_03_macro_reader', 'VIDEO'),
    ('role_03_macro_reader', 'SCREEN_SHARE'),
    ('role_03_macro_reader', 'VIEW_CHANNEL'),
    ('role_03_macro_reader', 'READ_MESSAGE_HISTORY'),
    ('role_04_builder', 'SEND_MESSAGES'),
    ('role_04_builder', 'CREATE_INVITES'),
    ('role_04_builder', 'EMBED_LINKS'),
    ('role_04_builder', 'ATTACH_FILES'),
    ('role_04_builder', 'ADD_REACTIONS'),
    ('role_04_builder', 'CONNECT'),
    ('role_04_builder', 'SPEAK'),
    ('role_04_builder', 'VIDEO'),
    ('role_04_builder', 'SCREEN_SHARE'),
    ('role_04_builder', 'VIEW_CHANNEL'),
    ('role_04_builder', 'READ_MESSAGE_HISTORY'),
    ('role_04_operator', 'SEND_MESSAGES'),
    ('role_04_operator', 'CREATE_INVITES'),
    ('role_04_operator', 'EMBED_LINKS'),
    ('role_04_operator', 'ATTACH_FILES'),
    ('role_04_operator', 'ADD_REACTIONS'),
    ('role_04_operator', 'CONNECT'),
    ('role_04_operator', 'SPEAK'),
    ('role_04_operator', 'VIDEO'),
    ('role_04_operator', 'SCREEN_SHARE'),
    ('role_04_operator', 'VIEW_CHANNEL'),
    ('role_04_operator', 'READ_MESSAGE_HISTORY'),
    ('role_05_protocol_nerd', 'SEND_MESSAGES'),
    ('role_05_protocol_nerd', 'CREATE_INVITES'),
    ('role_05_protocol_nerd', 'EMBED_LINKS'),
    ('role_05_protocol_nerd', 'ATTACH_FILES'),
    ('role_05_protocol_nerd', 'ADD_REACTIONS'),
    ('role_05_protocol_nerd', 'CONNECT'),
    ('role_05_protocol_nerd', 'SPEAK'),
    ('role_05_protocol_nerd', 'VIDEO'),
    ('role_05_protocol_nerd', 'SCREEN_SHARE'),
    ('role_05_protocol_nerd', 'VIEW_CHANNEL'),
    ('role_05_protocol_nerd', 'READ_MESSAGE_HISTORY'),
    ('role_05_client_dev', 'SEND_MESSAGES'),
    ('role_05_client_dev', 'CREATE_INVITES'),
    ('role_05_client_dev', 'EMBED_LINKS'),
    ('role_05_client_dev', 'ATTACH_FILES'),
    ('role_05_client_dev', 'ADD_REACTIONS'),
    ('role_05_client_dev', 'CONNECT'),
    ('role_05_client_dev', 'SPEAK'),
    ('role_05_client_dev', 'VIDEO'),
    ('role_05_client_dev', 'SCREEN_SHARE'),
    ('role_05_client_dev', 'VIEW_CHANNEL'),
    ('role_05_client_dev', 'READ_MESSAGE_HISTORY'),
    ('role_06_moderator', 'SEND_MESSAGES'),
    ('role_06_moderator', 'CREATE_INVITES'),
    ('role_06_moderator', 'EMBED_LINKS'),
    ('role_06_moderator', 'ATTACH_FILES'),
    ('role_06_moderator', 'ADD_REACTIONS'),
    ('role_06_moderator', 'CONNECT'),
    ('role_06_moderator', 'SPEAK'),
    ('role_06_moderator', 'VIDEO'),
    ('role_06_moderator', 'SCREEN_SHARE'),
    ('role_06_moderator', 'VIEW_CHANNEL'),
    ('role_06_moderator', 'READ_MESSAGE_HISTORY'),
    ('role_06_moderator', 'MANAGE_CHANNELS'),
    ('role_06_curator', 'SEND_MESSAGES'),
    ('role_06_curator', 'CREATE_INVITES'),
    ('role_06_curator', 'EMBED_LINKS'),
    ('role_06_curator', 'ATTACH_FILES'),
    ('role_06_curator', 'ADD_REACTIONS'),
    ('role_06_curator', 'CONNECT'),
    ('role_06_curator', 'SPEAK'),
    ('role_06_curator', 'VIDEO'),
    ('role_06_curator', 'SCREEN_SHARE'),
    ('role_06_curator', 'VIEW_CHANNEL'),
    ('role_06_curator', 'READ_MESSAGE_HISTORY'),
    ('role_07_listener', 'SEND_MESSAGES'),
    ('role_07_listener', 'CREATE_INVITES'),
    ('role_07_listener', 'EMBED_LINKS'),
    ('role_07_listener', 'ATTACH_FILES'),
    ('role_07_listener', 'ADD_REACTIONS'),
    ('role_07_listener', 'CONNECT'),
    ('role_07_listener', 'SPEAK'),
    ('role_07_listener', 'VIDEO'),
    ('role_07_listener', 'SCREEN_SHARE'),
    ('role_07_listener', 'VIEW_CHANNEL'),
    ('role_07_listener', 'READ_MESSAGE_HISTORY'),
    ('role_07_reviewer', 'SEND_MESSAGES'),
    ('role_07_reviewer', 'CREATE_INVITES'),
    ('role_07_reviewer', 'EMBED_LINKS'),
    ('role_07_reviewer', 'ATTACH_FILES'),
    ('role_07_reviewer', 'ADD_REACTIONS'),
    ('role_07_reviewer', 'CONNECT'),
    ('role_07_reviewer', 'SPEAK'),
    ('role_07_reviewer', 'VIDEO'),
    ('role_07_reviewer', 'SCREEN_SHARE'),
    ('role_07_reviewer', 'VIEW_CHANNEL'),
    ('role_07_reviewer', 'READ_MESSAGE_HISTORY'),
    ('role_08_moderator', 'SEND_MESSAGES'),
    ('role_08_moderator', 'CREATE_INVITES'),
    ('role_08_moderator', 'EMBED_LINKS'),
    ('role_08_moderator', 'ATTACH_FILES'),
    ('role_08_moderator', 'ADD_REACTIONS'),
    ('role_08_moderator', 'CONNECT'),
    ('role_08_moderator', 'SPEAK'),
    ('role_08_moderator', 'VIDEO'),
    ('role_08_moderator', 'SCREEN_SHARE'),
    ('role_08_moderator', 'VIEW_CHANNEL'),
    ('role_08_moderator', 'READ_MESSAGE_HISTORY'),
    ('role_08_moderator', 'MANAGE_CHANNELS'),
    ('role_08_head', 'SEND_MESSAGES'),
    ('role_08_head', 'CREATE_INVITES'),
    ('role_08_head', 'EMBED_LINKS'),
    ('role_08_head', 'ATTACH_FILES'),
    ('role_08_head', 'ADD_REACTIONS'),
    ('role_08_head', 'CONNECT'),
    ('role_08_head', 'SPEAK'),
    ('role_08_head', 'VIDEO'),
    ('role_08_head', 'SCREEN_SHARE'),
    ('role_08_head', 'VIEW_CHANNEL'),
    ('role_08_head', 'READ_MESSAGE_HISTORY'),
    ('role_09_moderator', 'SEND_MESSAGES'),
    ('role_09_moderator', 'CREATE_INVITES'),
    ('role_09_moderator', 'EMBED_LINKS'),
    ('role_09_moderator', 'ATTACH_FILES'),
    ('role_09_moderator', 'ADD_REACTIONS'),
    ('role_09_moderator', 'CONNECT'),
    ('role_09_moderator', 'SPEAK'),
    ('role_09_moderator', 'VIDEO'),
    ('role_09_moderator', 'SCREEN_SHARE'),
    ('role_09_moderator', 'VIEW_CHANNEL'),
    ('role_09_moderator', 'READ_MESSAGE_HISTORY'),
    ('role_09_moderator', 'MANAGE_CHANNELS'),
    ('role_09_featured_artist', 'SEND_MESSAGES'),
    ('role_09_featured_artist', 'CREATE_INVITES'),
    ('role_09_featured_artist', 'EMBED_LINKS'),
    ('role_09_featured_artist', 'ATTACH_FILES'),
    ('role_09_featured_artist', 'ADD_REACTIONS'),
    ('role_09_featured_artist', 'CONNECT'),
    ('role_09_featured_artist', 'SPEAK'),
    ('role_09_featured_artist', 'VIDEO'),
    ('role_09_featured_artist', 'SCREEN_SHARE'),
    ('role_09_featured_artist', 'VIEW_CHANNEL'),
    ('role_09_featured_artist', 'READ_MESSAGE_HISTORY'),
    ('role_0a_moderator', 'SEND_MESSAGES'),
    ('role_0a_moderator', 'CREATE_INVITES'),
    ('role_0a_moderator', 'EMBED_LINKS'),
    ('role_0a_moderator', 'ATTACH_FILES'),
    ('role_0a_moderator', 'ADD_REACTIONS'),
    ('role_0a_moderator', 'CONNECT'),
    ('role_0a_moderator', 'SPEAK'),
    ('role_0a_moderator', 'VIDEO'),
    ('role_0a_moderator', 'SCREEN_SHARE'),
    ('role_0a_moderator', 'VIEW_CHANNEL'),
    ('role_0a_moderator', 'READ_MESSAGE_HISTORY'),
    ('role_0a_moderator', 'MANAGE_CHANNELS'),
    ('role_0a_shooter', 'SEND_MESSAGES'),
    ('role_0a_shooter', 'CREATE_INVITES'),
    ('role_0a_shooter', 'EMBED_LINKS'),
    ('role_0a_shooter', 'ATTACH_FILES'),
    ('role_0a_shooter', 'ADD_REACTIONS'),
    ('role_0a_shooter', 'CONNECT'),
    ('role_0a_shooter', 'SPEAK'),
    ('role_0a_shooter', 'VIDEO'),
    ('role_0a_shooter', 'SCREEN_SHARE'),
    ('role_0a_shooter', 'VIEW_CHANNEL'),
    ('role_0a_shooter', 'READ_MESSAGE_HISTORY'),
    ('role_0b_maker', 'SEND_MESSAGES'),
    ('role_0b_maker', 'CREATE_INVITES'),
    ('role_0b_maker', 'EMBED_LINKS'),
    ('role_0b_maker', 'ATTACH_FILES'),
    ('role_0b_maker', 'ADD_REACTIONS'),
    ('role_0b_maker', 'CONNECT'),
    ('role_0b_maker', 'SPEAK'),
    ('role_0b_maker', 'VIDEO'),
    ('role_0b_maker', 'SCREEN_SHARE'),
    ('role_0b_maker', 'VIEW_CHANNEL'),
    ('role_0b_maker', 'READ_MESSAGE_HISTORY'),
    ('role_0c_moderator', 'SEND_MESSAGES'),
    ('role_0c_moderator', 'CREATE_INVITES'),
    ('role_0c_moderator', 'EMBED_LINKS'),
    ('role_0c_moderator', 'ATTACH_FILES'),
    ('role_0c_moderator', 'ADD_REACTIONS'),
    ('role_0c_moderator', 'CONNECT'),
    ('role_0c_moderator', 'SPEAK'),
    ('role_0c_moderator', 'VIDEO'),
    ('role_0c_moderator', 'SCREEN_SHARE'),
    ('role_0c_moderator', 'VIEW_CHANNEL'),
    ('role_0c_moderator', 'READ_MESSAGE_HISTORY'),
    ('role_0c_moderator', 'MANAGE_CHANNELS'),
    ('role_0c_veteran', 'SEND_MESSAGES'),
    ('role_0c_veteran', 'CREATE_INVITES'),
    ('role_0c_veteran', 'EMBED_LINKS'),
    ('role_0c_veteran', 'ATTACH_FILES'),
    ('role_0c_veteran', 'ADD_REACTIONS'),
    ('role_0c_veteran', 'CONNECT'),
    ('role_0c_veteran', 'SPEAK'),
    ('role_0c_veteran', 'VIDEO'),
    ('role_0c_veteran', 'SCREEN_SHARE'),
    ('role_0c_veteran', 'VIEW_CHANNEL'),
    ('role_0c_veteran', 'READ_MESSAGE_HISTORY'),
    ('role_0d_moderator', 'SEND_MESSAGES'),
    ('role_0d_moderator', 'CREATE_INVITES'),
    ('role_0d_moderator', 'EMBED_LINKS'),
    ('role_0d_moderator', 'ATTACH_FILES'),
    ('role_0d_moderator', 'ADD_REACTIONS'),
    ('role_0d_moderator', 'CONNECT'),
    ('role_0d_moderator', 'SPEAK'),
    ('role_0d_moderator', 'VIDEO'),
    ('role_0d_moderator', 'SCREEN_SHARE'),
    ('role_0d_moderator', 'VIEW_CHANNEL'),
    ('role_0d_moderator', 'READ_MESSAGE_HISTORY'),
    ('role_0d_moderator', 'MANAGE_CHANNELS'),
    ('role_0d_tastemaker', 'SEND_MESSAGES'),
    ('role_0d_tastemaker', 'CREATE_INVITES'),
    ('role_0d_tastemaker', 'EMBED_LINKS'),
    ('role_0d_tastemaker', 'ATTACH_FILES'),
    ('role_0d_tastemaker', 'ADD_REACTIONS'),
    ('role_0d_tastemaker', 'CONNECT'),
    ('role_0d_tastemaker', 'SPEAK'),
    ('role_0d_tastemaker', 'VIDEO'),
    ('role_0d_tastemaker', 'SCREEN_SHARE'),
    ('role_0d_tastemaker', 'VIEW_CHANNEL'),
    ('role_0d_tastemaker', 'READ_MESSAGE_HISTORY'),
    ('role_0e_moderator', 'SEND_MESSAGES'),
    ('role_0e_moderator', 'CREATE_INVITES'),
    ('role_0e_moderator', 'EMBED_LINKS'),
    ('role_0e_moderator', 'ATTACH_FILES'),
    ('role_0e_moderator', 'ADD_REACTIONS'),
    ('role_0e_moderator', 'CONNECT'),
    ('role_0e_moderator', 'SPEAK'),
    ('role_0e_moderator', 'VIDEO'),
    ('role_0e_moderator', 'SCREEN_SHARE'),
    ('role_0e_moderator', 'VIEW_CHANNEL'),
    ('role_0e_moderator', 'READ_MESSAGE_HISTORY'),
    ('role_0e_moderator', 'MANAGE_CHANNELS'),
    ('role_0e_cinephile', 'SEND_MESSAGES'),
    ('role_0e_cinephile', 'CREATE_INVITES'),
    ('role_0e_cinephile', 'EMBED_LINKS'),
    ('role_0e_cinephile', 'ATTACH_FILES'),
    ('role_0e_cinephile', 'ADD_REACTIONS'),
    ('role_0e_cinephile', 'CONNECT'),
    ('role_0e_cinephile', 'SPEAK'),
    ('role_0e_cinephile', 'VIDEO'),
    ('role_0e_cinephile', 'SCREEN_SHARE'),
    ('role_0e_cinephile', 'VIEW_CHANNEL'),
    ('role_0e_cinephile', 'READ_MESSAGE_HISTORY'),
    ('role_0f_scholar', 'SEND_MESSAGES'),
    ('role_0f_scholar', 'CREATE_INVITES'),
    ('role_0f_scholar', 'EMBED_LINKS'),
    ('role_0f_scholar', 'ATTACH_FILES'),
    ('role_0f_scholar', 'ADD_REACTIONS'),
    ('role_0f_scholar', 'CONNECT'),
    ('role_0f_scholar', 'SPEAK'),
    ('role_0f_scholar', 'VIDEO'),
    ('role_0f_scholar', 'SCREEN_SHARE'),
    ('role_0f_scholar', 'VIEW_CHANNEL'),
    ('role_0f_scholar', 'READ_MESSAGE_HISTORY'),
    ('role_10_scholar', 'SEND_MESSAGES'),
    ('role_10_scholar', 'CREATE_INVITES'),
    ('role_10_scholar', 'EMBED_LINKS'),
    ('role_10_scholar', 'ATTACH_FILES'),
    ('role_10_scholar', 'ADD_REACTIONS'),
    ('role_10_scholar', 'CONNECT'),
    ('role_10_scholar', 'SPEAK'),
    ('role_10_scholar', 'VIDEO'),
    ('role_10_scholar', 'SCREEN_SHARE'),
    ('role_10_scholar', 'VIEW_CHANNEL'),
    ('role_10_scholar', 'READ_MESSAGE_HISTORY'),
    ('role_11_moderator', 'SEND_MESSAGES'),
    ('role_11_moderator', 'CREATE_INVITES'),
    ('role_11_moderator', 'EMBED_LINKS'),
    ('role_11_moderator', 'ATTACH_FILES'),
    ('role_11_moderator', 'ADD_REACTIONS'),
    ('role_11_moderator', 'CONNECT'),
    ('role_11_moderator', 'SPEAK'),
    ('role_11_moderator', 'VIDEO'),
    ('role_11_moderator', 'SCREEN_SHARE'),
    ('role_11_moderator', 'VIEW_CHANNEL'),
    ('role_11_moderator', 'READ_MESSAGE_HISTORY'),
    ('role_11_moderator', 'MANAGE_CHANNELS'),
    ('role_11_analyst', 'SEND_MESSAGES'),
    ('role_11_analyst', 'CREATE_INVITES'),
    ('role_11_analyst', 'EMBED_LINKS'),
    ('role_11_analyst', 'ATTACH_FILES'),
    ('role_11_analyst', 'ADD_REACTIONS'),
    ('role_11_analyst', 'CONNECT'),
    ('role_11_analyst', 'SPEAK'),
    ('role_11_analyst', 'VIDEO'),
    ('role_11_analyst', 'SCREEN_SHARE'),
    ('role_11_analyst', 'VIEW_CHANNEL'),
    ('role_11_analyst', 'READ_MESSAGE_HISTORY'),
    ('role_12_moderator', 'SEND_MESSAGES'),
    ('role_12_moderator', 'CREATE_INVITES'),
    ('role_12_moderator', 'EMBED_LINKS'),
    ('role_12_moderator', 'ATTACH_FILES'),
    ('role_12_moderator', 'ADD_REACTIONS'),
    ('role_12_moderator', 'CONNECT'),
    ('role_12_moderator', 'SPEAK'),
    ('role_12_moderator', 'VIDEO'),
    ('role_12_moderator', 'SCREEN_SHARE'),
    ('role_12_moderator', 'VIEW_CHANNEL'),
    ('role_12_moderator', 'READ_MESSAGE_HISTORY'),
    ('role_12_moderator', 'MANAGE_CHANNELS'),
    ('role_12_scholar', 'SEND_MESSAGES'),
    ('role_12_scholar', 'CREATE_INVITES'),
    ('role_12_scholar', 'EMBED_LINKS'),
    ('role_12_scholar', 'ATTACH_FILES'),
    ('role_12_scholar', 'ADD_REACTIONS'),
    ('role_12_scholar', 'CONNECT'),
    ('role_12_scholar', 'SPEAK'),
    ('role_12_scholar', 'VIDEO'),
    ('role_12_scholar', 'SCREEN_SHARE'),
    ('role_12_scholar', 'VIEW_CHANNEL'),
    ('role_12_scholar', 'READ_MESSAGE_HISTORY'),
    ('role_13_moderator', 'SEND_MESSAGES'),
    ('role_13_moderator', 'CREATE_INVITES'),
    ('role_13_moderator', 'EMBED_LINKS'),
    ('role_13_moderator', 'ATTACH_FILES'),
    ('role_13_moderator', 'ADD_REACTIONS'),
    ('role_13_moderator', 'CONNECT'),
    ('role_13_moderator', 'SPEAK'),
    ('role_13_moderator', 'VIDEO'),
    ('role_13_moderator', 'SCREEN_SHARE'),
    ('role_13_moderator', 'VIEW_CHANNEL'),
    ('role_13_moderator', 'READ_MESSAGE_HISTORY'),
    ('role_13_moderator', 'MANAGE_CHANNELS'),
    ('role_13_wonk', 'SEND_MESSAGES'),
    ('role_13_wonk', 'CREATE_INVITES'),
    ('role_13_wonk', 'EMBED_LINKS'),
    ('role_13_wonk', 'ATTACH_FILES'),
    ('role_13_wonk', 'ADD_REACTIONS'),
    ('role_13_wonk', 'CONNECT'),
    ('role_13_wonk', 'SPEAK'),
    ('role_13_wonk', 'VIDEO'),
    ('role_13_wonk', 'SCREEN_SHARE'),
    ('role_13_wonk', 'VIEW_CHANNEL'),
    ('role_13_wonk', 'READ_MESSAGE_HISTORY'),
    ('role_14_shitposter', 'SEND_MESSAGES'),
    ('role_14_shitposter', 'CREATE_INVITES'),
    ('role_14_shitposter', 'EMBED_LINKS'),
    ('role_14_shitposter', 'ATTACH_FILES'),
    ('role_14_shitposter', 'ADD_REACTIONS'),
    ('role_14_shitposter', 'CONNECT'),
    ('role_14_shitposter', 'SPEAK'),
    ('role_14_shitposter', 'VIDEO'),
    ('role_14_shitposter', 'SCREEN_SHARE'),
    ('role_14_shitposter', 'VIEW_CHANNEL'),
    ('role_14_shitposter', 'READ_MESSAGE_HISTORY'),
    ('role_15_regular', 'SEND_MESSAGES'),
    ('role_15_regular', 'CREATE_INVITES'),
    ('role_15_regular', 'EMBED_LINKS'),
    ('role_15_regular', 'ATTACH_FILES'),
    ('role_15_regular', 'ADD_REACTIONS'),
    ('role_15_regular', 'CONNECT'),
    ('role_15_regular', 'SPEAK'),
    ('role_15_regular', 'VIDEO'),
    ('role_15_regular', 'SCREEN_SHARE'),
    ('role_15_regular', 'VIEW_CHANNEL'),
    ('role_15_regular', 'READ_MESSAGE_HISTORY'),
    ('role_16_home_cook', 'SEND_MESSAGES'),
    ('role_16_home_cook', 'CREATE_INVITES'),
    ('role_16_home_cook', 'EMBED_LINKS'),
    ('role_16_home_cook', 'ATTACH_FILES'),
    ('role_16_home_cook', 'ADD_REACTIONS'),
    ('role_16_home_cook', 'CONNECT'),
    ('role_16_home_cook', 'SPEAK'),
    ('role_16_home_cook', 'VIDEO'),
    ('role_16_home_cook', 'SCREEN_SHARE'),
    ('role_16_home_cook', 'VIEW_CHANNEL'),
    ('role_16_home_cook', 'READ_MESSAGE_HISTORY'),
    ('role_17_regular', 'SEND_MESSAGES'),
    ('role_17_regular', 'CREATE_INVITES'),
    ('role_17_regular', 'EMBED_LINKS'),
    ('role_17_regular', 'ATTACH_FILES'),
    ('role_17_regular', 'ADD_REACTIONS'),
    ('role_17_regular', 'CONNECT'),
    ('role_17_regular', 'SPEAK'),
    ('role_17_regular', 'VIDEO'),
    ('role_17_regular', 'SCREEN_SHARE'),
    ('role_17_regular', 'VIEW_CHANNEL'),
    ('role_17_regular', 'READ_MESSAGE_HISTORY'),
    ('role_18_bookworm', 'SEND_MESSAGES'),
    ('role_18_bookworm', 'CREATE_INVITES'),
    ('role_18_bookworm', 'EMBED_LINKS'),
    ('role_18_bookworm', 'ATTACH_FILES'),
    ('role_18_bookworm', 'ADD_REACTIONS'),
    ('role_18_bookworm', 'CONNECT'),
    ('role_18_bookworm', 'SPEAK'),
    ('role_18_bookworm', 'VIDEO'),
    ('role_18_bookworm', 'SCREEN_SHARE'),
    ('role_18_bookworm', 'VIEW_CHANNEL'),
    ('role_18_bookworm', 'READ_MESSAGE_HISTORY'),
    ('role_19_operator', 'SEND_MESSAGES'),
    ('role_19_operator', 'CREATE_INVITES'),
    ('role_19_operator', 'EMBED_LINKS'),
    ('role_19_operator', 'ATTACH_FILES'),
    ('role_19_operator', 'ADD_REACTIONS'),
    ('role_19_operator', 'CONNECT'),
    ('role_19_operator', 'SPEAK'),
    ('role_19_operator', 'VIDEO'),
    ('role_19_operator', 'SCREEN_SHARE'),
    ('role_19_operator', 'VIEW_CHANNEL'),
    ('role_19_operator', 'READ_MESSAGE_HISTORY')
  ON CONFLICT DO NOTHING;

  -- ── 6. Channel overrides (per-role channel permission deltas) ──────
  -- Purge only overrides for channels we control (all start with ch_).
  DELETE FROM app.channel_overrides WHERE channel_id LIKE 'ch_%';

  INSERT INTO app.channel_overrides (role_id, channel_id, permission, effect) VALUES
    ('sr06membr001', 'ch_06_deep_cuts', 'SEND_MESSAGES', 'deny')
  ON CONFLICT DO NOTHING;

  -- ── 7. Onboarding config (upsert) ───────────────────────────────────
  INSERT INTO app.onboarding_config (space_id, enabled, welcome_message, require_completion, updated_at) VALUES
    ('seed00000001', TRUE, 'Welcome to Nostr Highlights — a curated window into the best of the network. We surface protocol milestones, breakout posts, and the writers actually worth reading. Lean back, scroll slow.', FALSE, NOW()),
    ('seed00000002', TRUE, 'Privacy & Freedom is a curated newsroom for anyone who refuses to be the product. We track surveillance, censorship, and the cat-and-mouse of encryption — and we show our sources. Stay sharp.', FALSE, NOW()),
    ('seed00000003', TRUE, 'Bitcoin Signal filters the firehose. We pull from on-chain analysts, macro thinkers, and devs who actually ship — and leave the shilling at the door. If you''re here for signal, you''re in the right place.', FALSE, NOW()),
    ('seed00000004', TRUE, 'Tech Voices is where we read the people actually building. Engineers in the weeds, founders post-mortem-ing their own companies, PMs thinking in public. Less hype, more honest.', FALSE, NOW()),
    ('seed00000005', TRUE, 'The Nostr Dev Feed is the watering hole for protocol people. NIPs in draft, relays in the wild, clients shipping weird stuff. If you read RFCs for fun, you''ll fit in.', FALSE, NOW()),
    ('seed00000006', TRUE, 'Welcome to Music Discovery. This is where people still make mixtapes in their head. Share what you''re spinning, find a new favorite, and don''t be shy about the weird stuff. #deep-cuts is Curator-only — earn your way in below.', FALSE, NOW()),
    ('seed00000007', TRUE, 'Album Club runs on one rule: listen to the whole thing before you talk. Each Monday we post the pick in #the-pick. By Sunday, we''ve argued about every track. Bring an open ear and a strong opinion.', FALSE, NOW()),
    ('seed00000008', TRUE, 'Hip Hop & R&B lives here. Bar-for-bar breakdowns, Sunday-morning Sade, the dusty sample you can''t ID, the latest verse that shook the group chat. Keep it sharp, keep it respectful.', FALSE, NOW()),
    ('seed00000009', TRUE, 'Art & Aesthetics is for the people who open their phones to look at art, not just scroll past it. Share what you''re making, what moved you today, and what you''re trying to steal. We critique with teeth but no cruelty.', FALSE, NOW()),
    ('seed0000000a', TRUE, 'Photography is a room for people who notice light. Post your best frames, ask the dumb gear questions, and be generous with feedback. EXIF optional, taste required.', FALSE, NOW()),
    ('seed0000000b', TRUE, 'Creative Corner is a low-pressure spot for people who make things. Doodles, half-finished projects, fabric you''re obsessed with, fonts you drew at 2am — it all counts. Share the mess, not just the highlight reel.', FALSE, NOW()),
    ('seed0000000c', TRUE, 'Gaming Lounge. PC, console, handheld, retro — if you play, you''re home. Run a quick LFG, post a clip, argue about balance patches, and don''t be a jerk in comms.', FALSE, NOW()),
    ('seed0000000d', TRUE, 'Anime & Manga, the real one. Seasonal chat in #general, untagged everything in #spoilers, fanart in #fanart. Be respectful of people still catching up — and no, your top 10 isn''t objective.', FALSE, NOW()),
    ('seed0000000e', TRUE, 'Film & Television is for people who still stay through the credits. Share what you watched, defend what nobody else will, and respect the no-spoilers-outside-#spoilers rule religiously.', FALSE, NOW()),
    ('seed0000000f', TRUE, 'World History is a room that still takes footnotes seriously. Bring curiosity, cite your sources when you can, and don''t be afraid to be wrong in public — that''s how we all got here.', FALSE, NOW()),
    ('seed00000010', TRUE, 'Philosophy Corner runs on charity and precision. We read the text, we quote it back, we actually try to understand the other side before we disagree. If you came to dunk, this isn''t the room.', FALSE, NOW()),
    ('seed00000011', TRUE, 'The Sports Bar. Pull up a stool. Matchday chat in #matchday, post-mortems in #hot-takes, tape study in #breakdowns. Trash talk welcome, personal insults get you kicked out.', FALSE, NOW()),
    ('seed00000012', TRUE, 'Science & Space is where curiosity gets specific. We read papers, we ask dumb questions without shame, and we get unreasonably excited about new JWST images. Welcome to the lab.', FALSE, NOW()),
    ('seed00000013', TRUE, 'Politics & World Affairs is a real debate room, not a shouting match. Read #rules-and-welcome before you post. Steelman the other side, cite your sources, and keep it humane. One warning, then a time-out.', TRUE, NOW()),
    ('seed00000014', TRUE, 'Welcome to the basement. Post what shouldn''t have been posted, screenshot what shouldn''t have been screenshotted, and never log off. Rule one: be funny. Rule two: be less mean than funny.', FALSE, NOW()),
    ('seed00000015', TRUE, 'Self Improvement, the un-bro version. Show up, post your reps or your Ls, and leave encouragement for someone else. Consistency beats intensity here.', FALSE, NOW()),
    ('seed00000016', TRUE, 'Food & Cooking is the long table. Weeknight miracles, failed sourdough, that one restaurant nobody knows about — share it all. Recipes with measurements, please; vibes tolerated.', FALSE, NOW()),
    ('seed00000017', TRUE, 'Fashion & Style is a compliment-heavy, gatekeeper-free room. Post the fit, the find, the thing you bought and regret. We''re here for personal taste, not just price tags.', FALSE, NOW()),
    ('seed00000018', TRUE, 'Books & Literature is a slow, quiet place. Post what you''re reading, what wrecked you, what you abandoned. No shame in DNFs, no snobbery about genre. Just readers.', FALSE, NOW()),
    ('seed00000019', TRUE, 'The Cypherpunk Lounge is a working room, not a fan club. We run nodes, self-host, read crypto papers, and share setups that actually work. If you''ve memorized Hughes'' manifesto, you''re early. If not, you''ll catch up.', FALSE, NOW())
  ON CONFLICT (space_id) DO UPDATE SET
    enabled = EXCLUDED.enabled,
    welcome_message = EXCLUDED.welcome_message,
    require_completion = EXCLUDED.require_completion,
    updated_at = NOW();

  -- ── 8. Onboarding questions/answers/mappings (wipe & reseed) ───────
  -- Cascades to onboarding_answers and onboarding_answer_mappings.
  DELETE FROM app.onboarding_questions WHERE space_id LIKE 'seed%';

  INSERT INTO app.onboarding_questions (id, space_id, title, description, position, required, multiple) VALUES
    ('q_01_0', 'seed00000001', 'How do you like your Nostr?', 'We''ll tune what surfaces first in your feed.', 0, TRUE, FALSE),
    ('q_02_0', 'seed00000002', 'What pulled you in?', NULL, 0, TRUE, FALSE),
    ('q_03_0', 'seed00000003', 'What''s your lens on Bitcoin?', NULL, 0, TRUE, FALSE),
    ('q_04_0', 'seed00000004', 'Where are you coming from?', NULL, 0, TRUE, FALSE),
    ('q_05_0', 'seed00000005', 'Where do you spend your time?', NULL, 0, TRUE, FALSE),
    ('q_06_0', 'seed00000006', 'What kind of listener are you?', NULL, 0, TRUE, FALSE),
    ('q_07_0', 'seed00000007', 'How do you engage with an album?', NULL, 0, TRUE, FALSE),
    ('q_08_0', 'seed00000008', 'Where''s your head at?', NULL, 0, TRUE, FALSE),
    ('q_09_0', 'seed00000009', 'What brings you in?', NULL, 0, TRUE, FALSE),
    ('q_0a_0', 'seed0000000a', 'What do you shoot?', NULL, 0, TRUE, FALSE),
    ('q_0b_0', 'seed0000000b', 'What are you working on these days?', NULL, 0, TRUE, TRUE),
    ('q_0c_0', 'seed0000000c', 'Where do you play?', 'Pick all that apply.', 0, TRUE, TRUE),
    ('q_0d_0', 'seed0000000d', 'What''s your relationship with the medium?', NULL, 0, TRUE, FALSE),
    ('q_0e_0', 'seed0000000e', 'Pick a seat:', NULL, 0, TRUE, FALSE),
    ('q_0f_0', 'seed0000000f', 'Where''s your era?', NULL, 0, TRUE, TRUE),
    ('q_10_0', 'seed00000010', 'Which tradition pulls you?', NULL, 0, TRUE, TRUE),
    ('q_11_0', 'seed00000011', 'How do you watch?', NULL, 0, TRUE, FALSE),
    ('q_12_0', 'seed00000012', 'What pulls you in?', NULL, 0, TRUE, TRUE),
    ('q_13_0', 'seed00000013', 'What''s your angle?', NULL, 0, TRUE, FALSE),
    ('q_14_0', 'seed00000014', 'Be honest:', NULL, 0, TRUE, FALSE),
    ('q_15_0', 'seed00000015', 'What are you working on?', 'Pick what''s on your plate right now.', 0, TRUE, TRUE),
    ('q_16_0', 'seed00000016', 'Which lane are you in?', NULL, 0, TRUE, FALSE),
    ('q_17_0', 'seed00000017', 'How would you describe your style?', NULL, 0, TRUE, TRUE),
    ('q_18_0', 'seed00000018', 'What''s on your nightstand these days?', NULL, 0, TRUE, TRUE),
    ('q_19_0', 'seed00000019', 'How do you practice?', NULL, 0, TRUE, FALSE);

  INSERT INTO app.onboarding_answers (id, question_id, label, emoji, position) VALUES
    ('a_01_0_0', 'q_01_0', 'Quick signals and hot takes', '⚡', 0),
    ('a_01_0_1', 'q_01_0', 'Long essays, deep context', '📜', 1),
    ('a_01_0_2', 'q_01_0', 'A little of both', '🌀', 2),
    ('a_02_0_0', 'q_02_0', 'Watching the watchers', '👁️', 0),
    ('a_02_0_1', 'q_02_0', 'Policy and activism', '⚖️', 1),
    ('a_02_0_2', 'q_02_0', 'Just staying informed', '📰', 2),
    ('a_03_0_0', 'q_03_0', 'Long-term holder, sound money', '🟧', 0),
    ('a_03_0_1', 'q_03_0', 'Macro and markets', '📉', 1),
    ('a_03_0_2', 'q_03_0', 'On-chain data nerd', '🔗', 2),
    ('a_04_0_0', 'q_04_0', 'I build things', '🛠️', 0),
    ('a_04_0_1', 'q_04_0', 'I run things', '🧭', 1),
    ('a_04_0_2', 'q_04_0', 'Curious bystander', '👀', 2),
    ('a_05_0_0', 'q_05_0', 'Protocol & NIP design', '📐', 0),
    ('a_05_0_1', 'q_05_0', 'Building clients', '📱', 1),
    ('a_05_0_2', 'q_05_0', 'Just lurking and learning', '👓', 2),
    ('a_06_0_0', 'q_06_0', 'Crate digger — I live for the deep cuts', '🎧', 0),
    ('a_06_0_1', 'q_06_0', 'Always chasing the newest drops', '🆕', 1),
    ('a_06_0_2', 'q_06_0', 'Mood-based wanderer', '🌙', 2),
    ('a_07_0_0', 'q_07_0', 'I just want to listen and vibe', '🎶', 0),
    ('a_07_0_1', 'q_07_0', 'I write it all down', '✍️', 1),
    ('a_07_0_2', 'q_07_0', 'Track-by-track obsessive', '🔁', 2),
    ('a_08_0_0', 'q_08_0', 'Golden era head', '📼', 0),
    ('a_08_0_1', 'q_08_0', 'Chasing the new wave', '🌊', 1),
    ('a_08_0_2', 'q_08_0', 'R&B lover first, rap second', '🕯️', 2),
    ('a_09_0_0', 'q_09_0', 'I make things — I want eyes on my work', '🎨', 0),
    ('a_09_0_1', 'q_09_0', 'I''m here to look and learn', '👁️', 1),
    ('a_09_0_2', 'q_09_0', 'Both, honestly', '🌗', 2),
    ('a_0a_0_0', 'q_0a_0', 'Street — life on the move', '🚶', 0),
    ('a_0a_0_1', 'q_0a_0', 'Portrait — people are the subject', '🧍', 1),
    ('a_0a_0_2', 'q_0a_0', 'Landscape — big country, small people', '🏔️', 2),
    ('a_0a_0_3', 'q_0a_0', 'A little of everything', '📷', 3),
    ('a_0b_0_0', 'q_0b_0', 'Illustration & drawing', '✏️', 0),
    ('a_0b_0_1', 'q_0b_0', 'Graphic design / type', '🖋️', 1),
    ('a_0b_0_2', 'q_0b_0', 'Crafts & physical stuff', '🧶', 2),
    ('a_0b_0_3', 'q_0b_0', 'Just starting out', '🌱', 3),
    ('a_0c_0_0', 'q_0c_0', 'PC', '🖥️', 0),
    ('a_0c_0_1', 'q_0c_0', 'Console', '🎮', 1),
    ('a_0c_0_2', 'q_0c_0', 'Handheld / mobile', '📱', 2),
    ('a_0c_0_3', 'q_0c_0', 'I''ve been gaming since the CRT days', '🕹️', 3),
    ('a_0d_0_0', 'q_0d_0', 'Seasonal watcher, always current', '📺', 0),
    ('a_0d_0_1', 'q_0d_0', 'Manga first — I read ahead', '📖', 1),
    ('a_0d_0_2', 'q_0d_0', 'Casual — just the big ones', '🍿', 2),
    ('a_0e_0_0', 'q_0e_0', 'Arthouse / Criterion shelf', '🎞️', 0),
    ('a_0e_0_1', 'q_0e_0', 'Prestige TV and new releases', '📺', 1),
    ('a_0e_0_2', 'q_0e_0', 'Whatever''s on', '🍿', 2),
    ('a_0f_0_0', 'q_0f_0', 'Ancient world', '🏺', 0),
    ('a_0f_0_1', 'q_0f_0', 'Medieval / early modern', '⚔️', 1),
    ('a_0f_0_2', 'q_0f_0', '19th & 20th century', '🏛️', 2),
    ('a_0f_0_3', 'q_0f_0', 'All of it — I''m greedy', '📚', 3),
    ('a_10_0_0', 'q_10_0', 'Ancient & classical', '🏛️', 0),
    ('a_10_0_1', 'q_10_0', 'Continental', '📕', 1),
    ('a_10_0_2', 'q_10_0', 'Analytic', '🔍', 2),
    ('a_10_0_3', 'q_10_0', 'Eastern & non-Western', '🌏', 3),
    ('a_11_0_0', 'q_11_0', 'Die-hard fan, I live and die with my team', '🏆', 0),
    ('a_11_0_1', 'q_11_0', 'Tape grinder — give me the film', '🎥', 1),
    ('a_11_0_2', 'q_11_0', 'Highlight-reel enjoyer', '⚡', 2),
    ('a_12_0_0', 'q_12_0', 'Space & astronomy', '🪐', 0),
    ('a_12_0_1', 'q_12_0', 'Physics', '⚛️', 1),
    ('a_12_0_2', 'q_12_0', 'Bio & life sciences', '🧬', 2),
    ('a_12_0_3', 'q_12_0', 'I read for fun, not research', '📘', 3),
    ('a_13_0_0', 'q_13_0', 'Policy wonk — I care about the details', '📋', 0),
    ('a_13_0_1', 'q_13_0', 'International / geopolitics', '🌐', 1),
    ('a_13_0_2', 'q_13_0', 'Just trying to stay informed', '📰', 2),
    ('a_14_0_0', 'q_14_0', 'I will post daily cursed content', '💀', 0),
    ('a_14_0_1', 'q_14_0', 'Passive scroller, occasional react', '👀', 1),
    ('a_14_0_2', 'q_14_0', 'I think in shower thoughts', '🚿', 2),
    ('a_15_0_0', 'q_15_0', 'Fitness / body', '💪', 0),
    ('a_15_0_1', 'q_15_0', 'Focus / productivity', '🎯', 1),
    ('a_15_0_2', 'q_15_0', 'Reading / learning', '📚', 2),
    ('a_15_0_3', 'q_15_0', 'Mental health / habits', '🌿', 3),
    ('a_16_0_0', 'q_16_0', 'Home cook, I live in the kitchen', '👩‍🍳', 0),
    ('a_16_0_1', 'q_16_0', 'Eater-outer, restaurant scout', '🍜', 1),
    ('a_16_0_2', 'q_16_0', 'Learning as I go', '🍳', 2),
    ('a_17_0_0', 'q_17_0', 'Streetwear', '👟', 0),
    ('a_17_0_1', 'q_17_0', 'Thrift / secondhand lifer', '🧥', 1),
    ('a_17_0_2', 'q_17_0', 'High fashion / runway watcher', '👗', 2),
    ('a_17_0_3', 'q_17_0', 'Still figuring it out', '✨', 3),
    ('a_18_0_0', 'q_18_0', 'Literary fiction', '📘', 0),
    ('a_18_0_1', 'q_18_0', 'Genre — sci-fi, fantasy, mystery', '🗡️', 1),
    ('a_18_0_2', 'q_18_0', 'Non-fiction & memoir', '📓', 2),
    ('a_18_0_3', 'q_18_0', 'Classics / re-reads', '📜', 3),
    ('a_19_0_0', 'q_19_0', 'I run infra — nodes, relays, servers', '🖥️', 0),
    ('a_19_0_1', 'q_19_0', 'I write code and crypto', '🔐', 1),
    ('a_19_0_2', 'q_19_0', 'I''m here to learn and harden up', '🛡️', 2);

  INSERT INTO app.onboarding_answer_mappings (id, answer_id, role_id, channel_id) VALUES
    ('m_01_0_0', 'a_01_0_0', 'role_01_signal_hunter', 'ch_01_signal'),
    ('m_01_0_1', 'a_01_0_1', 'role_01_deep_reader', 'ch_01_longform'),
    ('m_01_0_2', 'a_01_0_2', 'role_01_signal_hunter', NULL),
    ('m_02_0_0', 'a_02_0_0', 'role_02_watcher', 'ch_02_investigations'),
    ('m_02_0_1', 'a_02_0_1', 'role_02_advocate', 'ch_02_investigations'),
    ('m_02_0_2', 'a_02_0_2', 'role_02_watcher', NULL),
    ('m_03_0_0', 'a_03_0_0', 'role_03_hodler', 'ch_03_ticker'),
    ('m_03_0_1', 'a_03_0_1', 'role_03_macro_reader', 'ch_03_analysis'),
    ('m_03_0_2', 'a_03_0_2', 'role_03_hodler', 'ch_03_analysis'),
    ('m_04_0_0', 'a_04_0_0', 'role_04_builder', 'ch_04_essays'),
    ('m_04_0_1', 'a_04_0_1', 'role_04_operator', 'ch_04_essays'),
    ('m_04_0_2', 'a_04_0_2', 'role_04_builder', NULL),
    ('m_05_0_0', 'a_05_0_0', 'role_05_protocol_nerd', 'ch_05_nip_proposals'),
    ('m_05_0_1', 'a_05_0_1', 'role_05_client_dev', 'ch_05_nip_proposals'),
    ('m_05_0_2', 'a_05_0_2', 'role_05_protocol_nerd', NULL),
    ('m_06_0_0', 'a_06_0_0', 'role_06_curator', 'ch_06_deep_cuts'),
    ('m_06_0_1', 'a_06_0_1', NULL, 'ch_06_new_drops'),
    ('m_06_0_2', 'a_06_0_2', NULL, 'ch_06_recommendations'),
    ('m_07_0_0', 'a_07_0_0', 'role_07_listener', 'ch_07_this_week'),
    ('m_07_0_1', 'a_07_0_1', 'role_07_reviewer', 'ch_07_reviews'),
    ('m_07_0_2', 'a_07_0_2', 'role_07_listener', 'ch_07_track_by_track'),
    ('m_08_0_0', 'a_08_0_0', 'role_08_head', 'ch_08_classics'),
    ('m_08_0_1', 'a_08_0_1', NULL, 'ch_08_new_drops'),
    ('m_08_0_2', 'a_08_0_2', NULL, 'ch_08_classics'),
    ('m_09_0_0', 'a_09_0_0', 'role_09_featured_artist', 'ch_09_gallery'),
    ('m_09_0_1', 'a_09_0_1', NULL, 'ch_09_moodboard'),
    ('m_09_0_2', 'a_09_0_2', 'role_09_featured_artist', 'ch_09_wip'),
    ('m_0a_0_0', 'a_0a_0_0', 'role_0a_shooter', 'ch_0a_street'),
    ('m_0a_0_1', 'a_0a_0_1', 'role_0a_shooter', 'ch_0a_portrait'),
    ('m_0a_0_2', 'a_0a_0_2', 'role_0a_shooter', 'ch_0a_landscape'),
    ('m_0a_0_3', 'a_0a_0_3', 'role_0a_shooter', NULL),
    ('m_0b_0_0', 'a_0b_0_0', 'role_0b_maker', 'ch_0b_finished'),
    ('m_0b_0_1', 'a_0b_0_1', 'role_0b_maker', 'ch_0b_process'),
    ('m_0b_0_2', 'a_0b_0_2', 'role_0b_maker', 'ch_0b_wip'),
    ('m_0b_0_3', 'a_0b_0_3', 'role_0b_maker', NULL),
    ('m_0c_0_0', 'a_0c_0_0', NULL, 'ch_0c_pc'),
    ('m_0c_0_1', 'a_0c_0_1', NULL, 'ch_0c_console'),
    ('m_0c_0_3', 'a_0c_0_3', 'role_0c_veteran', NULL),
    ('m_0d_0_0', 'a_0d_0_0', 'role_0d_tastemaker', 'ch_0d_hot_takes'),
    ('m_0d_0_1', 'a_0d_0_1', 'role_0d_tastemaker', 'ch_0d_spoilers'),
    ('m_0d_0_2', 'a_0d_0_2', NULL, 'ch_0d_reviews'),
    ('m_0e_0_0', 'a_0e_0_0', 'role_0e_cinephile', 'ch_0e_reviews'),
    ('m_0e_0_1', 'a_0e_0_1', NULL, 'ch_0e_hot_takes'),
    ('m_0e_0_2', 'a_0e_0_2', NULL, 'ch_0e_lobby'),
    ('m_0f_0_0', 'a_0f_0_0', 'role_0f_scholar', 'ch_0f_essays'),
    ('m_0f_0_1', 'a_0f_0_1', 'role_0f_scholar', 'ch_0f_primary_sources'),
    ('m_0f_0_2', 'a_0f_0_2', 'role_0f_scholar', 'ch_0f_essays'),
    ('m_0f_0_3', 'a_0f_0_3', 'role_0f_scholar', NULL),
    ('m_10_0_0', 'a_10_0_0', 'role_10_scholar', 'ch_10_primary_texts'),
    ('m_10_0_1', 'a_10_0_1', 'role_10_scholar', 'ch_10_essays'),
    ('m_10_0_2', 'a_10_0_2', 'role_10_scholar', 'ch_10_essays'),
    ('m_10_0_3', 'a_10_0_3', 'role_10_scholar', 'ch_10_primary_texts'),
    ('m_11_0_0', 'a_11_0_0', NULL, 'ch_11_matchday'),
    ('m_11_0_1', 'a_11_0_1', 'role_11_analyst', 'ch_11_breakdowns'),
    ('m_11_0_2', 'a_11_0_2', NULL, 'ch_11_highlights'),
    ('m_12_0_0', 'a_12_0_0', NULL, 'ch_12_space_gallery'),
    ('m_12_0_1', 'a_12_0_1', 'role_12_scholar', 'ch_12_preprints'),
    ('m_12_0_2', 'a_12_0_2', 'role_12_scholar', 'ch_12_explainers'),
    ('m_12_0_3', 'a_12_0_3', NULL, 'ch_12_explainers'),
    ('m_13_0_0', 'a_13_0_0', 'role_13_wonk', 'ch_13_analysis'),
    ('m_13_0_1', 'a_13_0_1', 'role_13_wonk', 'ch_13_geopolitics'),
    ('m_13_0_2', 'a_13_0_2', NULL, 'ch_13_news'),
    ('m_14_0_0', 'a_14_0_0', 'role_14_shitposter', 'ch_14_cursed'),
    ('m_14_0_1', 'a_14_0_1', NULL, 'ch_14_memes'),
    ('m_14_0_2', 'a_14_0_2', 'role_14_shitposter', 'ch_14_shower_thoughts'),
    ('m_15_0_0', 'a_15_0_0', 'role_15_regular', 'ch_15_fitness'),
    ('m_15_0_1', 'a_15_0_1', 'role_15_regular', 'ch_15_productivity'),
    ('m_15_0_2', 'a_15_0_2', 'role_15_regular', 'ch_15_book_notes'),
    ('m_15_0_3', 'a_15_0_3', 'role_15_regular', 'ch_15_check_in'),
    ('m_16_0_0', 'a_16_0_0', 'role_16_home_cook', 'ch_16_whats_cooking'),
    ('m_16_0_1', 'a_16_0_1', NULL, 'ch_16_eating_out'),
    ('m_16_0_2', 'a_16_0_2', 'role_16_home_cook', 'ch_16_tips_and_tricks'),
    ('m_17_0_0', 'a_17_0_0', 'role_17_regular', 'ch_17_fits'),
    ('m_17_0_1', 'a_17_0_1', 'role_17_regular', 'ch_17_thrift_finds'),
    ('m_17_0_2', 'a_17_0_2', 'role_17_regular', 'ch_17_runway_notes'),
    ('m_17_0_3', 'a_17_0_3', NULL, 'ch_17_fitting_room'),
    ('m_18_0_0', 'a_18_0_0', 'role_18_bookworm', 'ch_18_reviews'),
    ('m_18_0_1', 'a_18_0_1', 'role_18_bookworm', 'ch_18_currently_reading'),
    ('m_18_0_2', 'a_18_0_2', 'role_18_bookworm', 'ch_18_reviews'),
    ('m_18_0_3', 'a_18_0_3', 'role_18_bookworm', 'ch_18_shelfies'),
    ('m_19_0_0', 'a_19_0_0', 'role_19_operator', 'ch_19_ops'),
    ('m_19_0_1', 'a_19_0_1', 'role_19_operator', 'ch_19_essays'),
    ('m_19_0_2', 'a_19_0_2', NULL, 'ch_19_how_to');

  -- ── 9. Welcome checklist (wipe & reseed) ───────────────────────────
  DELETE FROM app.onboarding_todo_items WHERE space_id LIKE 'seed%';

  INSERT INTO app.onboarding_todo_items (id, space_id, title, description, link_channel_id, position) VALUES
    ('todo_01_0', 'seed00000001', 'Scroll today''s #signal', 'The freshest notes from across the network.', 'ch_01_signal', 0),
    ('todo_01_1', 'seed00000001', 'Read something long in #longform', 'Featured essays from Nostr''s best writers.', 'ch_01_longform', 1),
    ('todo_01_2', 'seed00000001', 'Find the must-read in #longform', 'Featured essays and protocol context from Nostr''s best writers.', 'ch_01_longform', 2),
    ('todo_02_0', 'seed00000002', 'Skim today''s #dispatches', NULL, 'ch_02_dispatches', 0),
    ('todo_02_1', 'seed00000002', 'Read one piece in #investigations', NULL, 'ch_02_investigations', 1),
    ('todo_02_2', 'seed00000002', 'Dig into #investigations', 'Long reads from reporters on surveillance, policy, and practice.', 'ch_02_investigations', 2),
    ('todo_03_0', 'seed00000003', 'Catch the latest in #ticker', NULL, 'ch_03_ticker', 0),
    ('todo_03_1', 'seed00000003', 'Read an #analysis piece', NULL, 'ch_03_analysis', 1),
    ('todo_03_2', 'seed00000003', 'Sit with a piece in #analysis', 'Macro takes and on-chain reads from voices that don''t shill.', 'ch_03_analysis', 2),
    ('todo_04_0', 'seed00000004', 'Skim #threads for today''s hot takes', NULL, 'ch_04_threads', 0),
    ('todo_04_1', 'seed00000004', 'Bookmark a piece in #essays', NULL, 'ch_04_essays', 1),
    ('todo_04_2', 'seed00000004', 'Read a long one in #essays', 'Engineers and operators writing in public.', 'ch_04_essays', 2),
    ('todo_05_0', 'seed00000005', 'Check #commits for today''s activity', NULL, 'ch_05_commits', 0),
    ('todo_05_1', 'seed00000005', 'Read a proposal in #nip-proposals', NULL, 'ch_05_nip_proposals', 1),
    ('todo_05_2', 'seed00000005', 'Browse #nip-proposals for what''s shipping', 'Draft NIPs, relay experiments, and client-side work.', 'ch_05_nip_proposals', 2),
    ('todo_06_0', 'seed00000006', 'Say hi in #introductions', NULL, 'ch_06_introductions', 0),
    ('todo_06_1', 'seed00000006', 'Drop a track in #new-drops', NULL, 'ch_06_new_drops', 1),
    ('todo_06_2', 'seed00000006', 'Ask for a rec in #recommendations', NULL, 'ch_06_recommendations', 2),
    ('todo_07_0', 'seed00000007', 'Introduce yourself in #introductions', NULL, 'ch_07_introductions', 0),
    ('todo_07_1', 'seed00000007', 'Find this week''s album in #the-pick', NULL, 'ch_07_the_pick', 1),
    ('todo_07_2', 'seed00000007', 'Post a first-listen reaction in #track-by-track', NULL, 'ch_07_track_by_track', 2),
    ('todo_08_0', 'seed00000008', 'Pull up in #introductions', NULL, 'ch_08_introductions', 0),
    ('todo_08_1', 'seed00000008', 'Post what''s in rotation in #new-drops', NULL, 'ch_08_new_drops', 1),
    ('todo_08_2', 'seed00000008', 'Drop a hot take in #hot-takes', NULL, 'ch_08_hot_takes', 2),
    ('todo_09_0', 'seed00000009', 'Say hi in #introductions', NULL, 'ch_09_introductions', 0),
    ('todo_09_1', 'seed00000009', 'Post a piece in #gallery or a draft in #wip', NULL, 'ch_09_gallery', 1),
    ('todo_09_2', 'seed00000009', 'Leave a thoughtful comment in #critique', NULL, 'ch_09_critique', 2),
    ('todo_0a_0', 'seed0000000a', 'Drop a hello in #introductions', NULL, 'ch_0a_introductions', 0),
    ('todo_0a_1', 'seed0000000a', 'Post your best recent shot in a Frames channel', NULL, 'ch_0a_street', 1),
    ('todo_0a_2', 'seed0000000a', 'Leave kind, honest feedback on someone else''s work', NULL, 'ch_0a_portrait', 2),
    ('todo_0b_0', 'seed0000000b', 'Introduce yourself in #introductions', NULL, 'ch_0b_introductions', 0),
    ('todo_0b_1', 'seed0000000b', 'Post a WIP in #wip — no polish required', NULL, 'ch_0b_wip', 1),
    ('todo_0b_2', 'seed0000000b', 'Share a process note in #process', NULL, 'ch_0b_process', 2),
    ('todo_0c_0', 'seed0000000c', 'Drop a hello in #introductions', NULL, 'ch_0c_introductions', 0),
    ('todo_0c_1', 'seed0000000c', 'Post a clutch in #clips', NULL, 'ch_0c_clips', 1),
    ('todo_0c_2', 'seed0000000c', 'Run a squad request in #lfg', NULL, 'ch_0c_lfg', 2),
    ('todo_0d_0', 'seed0000000d', 'Say hi in #introductions', NULL, 'ch_0d_introductions', 0),
    ('todo_0d_1', 'seed0000000d', 'Post this season''s favorite in #hot-takes', NULL, 'ch_0d_hot_takes', 1),
    ('todo_0d_2', 'seed0000000d', 'Share a favorite cap in #screenshots', NULL, 'ch_0d_screenshots', 2),
    ('todo_0e_0', 'seed0000000e', 'Say hi in #introductions', NULL, 'ch_0e_introductions', 0),
    ('todo_0e_1', 'seed0000000e', 'Post a recent watch in #hot-takes', NULL, 'ch_0e_hot_takes', 1),
    ('todo_0e_2', 'seed0000000e', 'Share a favorite frame in #stills', NULL, 'ch_0e_stills', 2),
    ('todo_0f_0', 'seed0000000f', 'Introduce yourself and your era in #introductions', NULL, 'ch_0f_introductions', 0),
    ('todo_0f_1', 'seed0000000f', 'Share a favorite source in #primary-sources', NULL, 'ch_0f_primary_sources', 1),
    ('todo_0f_2', 'seed0000000f', 'Check today''s entry in #on-this-day', NULL, 'ch_0f_on_this_day', 2),
    ('todo_10_0', 'seed00000010', 'Introduce your interests in #introductions', NULL, 'ch_10_introductions', 0),
    ('todo_10_1', 'seed00000010', 'Post a favorite passage in #primary-texts', NULL, 'ch_10_primary_texts', 1),
    ('todo_10_2', 'seed00000010', 'Try a puzzle in #thought-experiments', NULL, 'ch_10_thought_experiments', 2),
    ('todo_11_0', 'seed00000011', 'Repping your team in #introductions', NULL, 'ch_11_introductions', 0),
    ('todo_11_1', 'seed00000011', 'Drop a take in #hot-takes', NULL, 'ch_11_hot_takes', 1),
    ('todo_11_2', 'seed00000011', 'Catch the next #matchday live thread', NULL, 'ch_11_matchday', 2),
    ('todo_12_0', 'seed00000012', 'Say hi and share your field in #introductions', NULL, 'ch_12_introductions', 0),
    ('todo_12_1', 'seed00000012', 'Bookmark today''s #news', NULL, 'ch_12_news', 1),
    ('todo_12_2', 'seed00000012', 'Get lost in #space-gallery', NULL, 'ch_12_space_gallery', 2),
    ('todo_13_0', 'seed00000013', 'Read #rules-and-welcome before posting', NULL, 'ch_13_rules_and_welcome', 0),
    ('todo_13_1', 'seed00000013', 'Introduce yourself in #introductions', NULL, 'ch_13_introductions', 1),
    ('todo_13_2', 'seed00000013', 'Jump into #debate with one clear thought', NULL, 'ch_13_debate', 2),
    ('todo_14_0', 'seed00000014', 'Post your first meme in #memes', NULL, 'ch_14_memes', 0),
    ('todo_14_1', 'seed00000014', 'Drop a thought in #shower-thoughts', NULL, 'ch_14_shower_thoughts', 1),
    ('todo_14_2', 'seed00000014', 'Scroll #cursed at your own risk', NULL, 'ch_14_cursed', 2),
    ('todo_15_0', 'seed00000015', 'Introduce yourself and a current goal in #introductions', NULL, 'ch_15_introductions', 0),
    ('todo_15_1', 'seed00000015', 'Post today''s win or L in #check-in', NULL, 'ch_15_check_in', 1),
    ('todo_15_2', 'seed00000015', 'Share a takeaway in #book-notes', NULL, 'ch_15_book_notes', 2),
    ('todo_16_0', 'seed00000016', 'Drop your kitchen bio in #introductions', NULL, 'ch_16_introductions', 0),
    ('todo_16_1', 'seed00000016', 'Post tonight''s dinner in #whats-cooking', NULL, 'ch_16_whats_cooking', 1),
    ('todo_16_2', 'seed00000016', 'Bookmark a #recipes post for the weekend', NULL, 'ch_16_recipes', 2),
    ('todo_17_0', 'seed00000017', 'Introduce your wardrobe vibe in #introductions', NULL, 'ch_17_introductions', 0),
    ('todo_17_1', 'seed00000017', 'Post today''s fit in #fits', NULL, 'ch_17_fits', 1),
    ('todo_17_2', 'seed00000017', 'Share a recent score in #thrift-finds', NULL, 'ch_17_thrift_finds', 2),
    ('todo_18_0', 'seed00000018', 'Introduce yourself and your current book in #introductions', NULL, 'ch_18_introductions', 0),
    ('todo_18_1', 'seed00000018', 'Post your shelf in #shelfies', NULL, 'ch_18_shelfies', 1),
    ('todo_18_2', 'seed00000018', 'Log your week in #currently-reading', NULL, 'ch_18_currently_reading', 2),
    ('todo_19_0', 'seed00000019', 'Introduce your stack in #introductions', NULL, 'ch_19_introductions', 0),
    ('todo_19_1', 'seed00000019', 'Read a walkthrough in #how-to', NULL, 'ch_19_how_to', 1),
    ('todo_19_2', 'seed00000019', 'Drop a signal in #signals', NULL, 'ch_19_signals', 2);

  -- ── 10. Discovery listings: pre-approve every seed space ───────────
  INSERT INTO app.listing_requests (id, space_id, requester_pubkey, status, category, reviewer_pubkey, reviewed_at)
  VALUES
    ('lr_01', 'seed00000001', admin_pk, 'approved', 'nostr', admin_pk, NOW()),
    ('lr_02', 'seed00000002', admin_pk, 'approved', 'news', admin_pk, NOW()),
    ('lr_03', 'seed00000003', admin_pk, 'approved', 'crypto', admin_pk, NOW()),
    ('lr_04', 'seed00000004', admin_pk, 'approved', 'technology', admin_pk, NOW()),
    ('lr_05', 'seed00000005', admin_pk, 'approved', 'nostr', admin_pk, NOW()),
    ('lr_06', 'seed00000006', admin_pk, 'approved', 'music', admin_pk, NOW()),
    ('lr_07', 'seed00000007', admin_pk, 'approved', 'music', admin_pk, NOW()),
    ('lr_08', 'seed00000008', admin_pk, 'approved', 'music', admin_pk, NOW()),
    ('lr_09', 'seed00000009', admin_pk, 'approved', 'art', admin_pk, NOW()),
    ('lr_0a', 'seed0000000a', admin_pk, 'approved', 'art', admin_pk, NOW()),
    ('lr_0b', 'seed0000000b', admin_pk, 'approved', 'art', admin_pk, NOW()),
    ('lr_0c', 'seed0000000c', admin_pk, 'approved', 'gaming', admin_pk, NOW()),
    ('lr_0d', 'seed0000000d', admin_pk, 'approved', 'culture', admin_pk, NOW()),
    ('lr_0e', 'seed0000000e', admin_pk, 'approved', 'culture', admin_pk, NOW()),
    ('lr_0f', 'seed0000000f', admin_pk, 'approved', 'history', admin_pk, NOW()),
    ('lr_10', 'seed00000010', admin_pk, 'approved', 'history', admin_pk, NOW()),
    ('lr_11', 'seed00000011', admin_pk, 'approved', 'sports', admin_pk, NOW()),
    ('lr_12', 'seed00000012', admin_pk, 'approved', 'science', admin_pk, NOW()),
    ('lr_13', 'seed00000013', admin_pk, 'approved', 'politics', admin_pk, NOW()),
    ('lr_14', 'seed00000014', admin_pk, 'approved', 'random', admin_pk, NOW()),
    ('lr_15', 'seed00000015', admin_pk, 'approved', 'lifestyle', admin_pk, NOW()),
    ('lr_16', 'seed00000016', admin_pk, 'approved', 'lifestyle', admin_pk, NOW()),
    ('lr_17', 'seed00000017', admin_pk, 'approved', 'lifestyle', admin_pk, NOW()),
    ('lr_18', 'seed00000018', admin_pk, 'approved', 'education', admin_pk, NOW()),
    ('lr_19', 'seed00000019', admin_pk, 'approved', 'crypto', admin_pk, NOW())
  ON CONFLICT (id) DO NOTHING;

  UPDATE app.spaces SET listed = TRUE, listed_at = COALESCE(listed_at, NOW()) WHERE id LIKE 'seed%';

END $$;

-- Verification: expected 25/25 spaces listed, and content counts below.
SELECT 'spaces_listed'             AS k, count(*) FROM app.spaces              WHERE id LIKE 'seed%' AND listed = TRUE
UNION ALL SELECT 'channels',              count(*) FROM app.space_channels         WHERE space_id LIKE 'seed%'
UNION ALL SELECT 'tags',                  count(*) FROM app.space_tags             WHERE space_id LIKE 'seed%'
UNION ALL SELECT 'themed_roles',          count(*) FROM app.space_roles            WHERE space_id LIKE 'seed%' AND id LIKE 'role_%'
UNION ALL SELECT 'onboarding_configs',    count(*) FROM app.onboarding_config      WHERE space_id LIKE 'seed%' AND enabled = TRUE
UNION ALL SELECT 'onboarding_questions',  count(*) FROM app.onboarding_questions   WHERE space_id LIKE 'seed%'
UNION ALL SELECT 'onboarding_answers',    count(*) FROM app.onboarding_answers     WHERE question_id LIKE 'q_%'
UNION ALL SELECT 'answer_mappings',       count(*) FROM app.onboarding_answer_mappings WHERE id LIKE 'm_%'
UNION ALL SELECT 'todo_items',            count(*) FROM app.onboarding_todo_items  WHERE space_id LIKE 'seed%'
UNION ALL SELECT 'channel_overrides',     count(*) FROM app.channel_overrides      WHERE channel_id LIKE 'ch_%'
UNION ALL SELECT 'listing_requests',      count(*) FROM app.listing_requests       WHERE id LIKE 'lr_%' AND status = 'approved';
